id,email,name,password,role,createdAt,updatedAt
1,test@test.com,Test User,$2b$10$eh5KR/2DoQ5Ic5RcGgyyDuWBrs034CmJrzFQhXyubq2cpTaUL9xCS,user,2026-02-23 14:57:48.816,2026-02-23 14:57:48.816
2,admin@admin.com,Admin User,$2b$10$7iFMfsmxD1XOW4ho/SHeQubrd8Y4XYAkNDTX8H5obYh2Wb/M5FEFm,admin,2026-02-23 14:57:49.735,2026-02-23 14:57:49.735
3,teacher@teacher.com,Dr. John Smith,$2b$10$eh5KR/2DoQ5Ic5RcGgyyDuWBrs034CmJrzFQhXyubq2cpTaUL9xCS,teacher,2026-02-23 14:57:50.015,2026-02-23 14:57:50.015
4,teacher2@teacher.com,Prof. Sarah Johnson,$2b$10$eh5KR/2DoQ5Ic5RcGgyyDuWBrs034CmJrzFQhXyubq2cpTaUL9xCS,teacher,2026-02-23 14:57:50.259,2026-02-23 14:57:50.259
5,teacher3@teacher.com,Dr. Michael Chen,$2b$10$eh5KR/2DoQ5Ic5RcGgyyDuWBrs034CmJrzFQhXyubq2cpTaUL9xCS,teacher,2026-02-23 14:57:50.652,2026-02-23 14:57:50.652
6,rohit@pict.edu,mr.rohit,$2b$10$oxHWMtshp/lUK7kfoM/NEOGQvi0fLGYlNQX812.12V3o3n2MqG9MC,teacher,2026-02-23 17:20:59.773,2026-02-23 17:20:59.773
7,rahul@pict.edu,mr.rahul,$2b$10$A614kCn9TJfxIDbeR2JthuyKq3iwOTKlNH1iELFe51C.VsMUuiJHG,teacher,2026-02-23 17:21:02.764,2026-02-23 17:21:02.764
8,mohit@pict.edu,mr.mohit,$2b$10$ThDZXj//yU1T87uZf5ClZeH1UWMD9//hk28EFSILILQ.7iL6LEBp6,teacher,2026-02-23 17:21:04.688,2026-02-23 17:21:04.688
11,42341@student.erp,rushi,$2b$10$l2jB3nzh58uDAVlK4xUtvezvDLxVPaxvRE/EBKbKbQG/iK50BT/a2,user,2026-02-23 18:44:08.245,2026-02-23 18:44:08.245
12,42321@student.erp,mak,$2b$10$l2jB3nzh58uDAVlK4xUtvezvDLxVPaxvRE/EBKbKbQG/iK50BT/a2,user,2026-02-23 18:44:12.404,2026-02-23 18:44:12.404
13,10001@student.erp,Aarav Kapoor,$2b$10$XwgpAycC39V9SV8vRqbwq.hvATV9vaENBzUVCkMJmzXpNhujCQSvy,user,2026-03-05 08:39:28.980,2026-03-05 08:39:28.980
14,10002@student.erp,Aditya Kapoor,$2b$10$XwgpAycC39V9SV8vRqbwq.hvATV9vaENBzUVCkMJmzXpNhujCQSvy,user,2026-03-05 08:39:29.031,2026-03-05 08:39:29.031
15,10003@student.erp,Akash Desai,$2b$10$XwgpAycC39V9SV8vRqbwq.hvATV9vaENBzUVCkMJmzXpNhujCQSvy,user,2026-03-05 08:39:29.063,2026-03-05 08:39:29.063
16,10004@student.erp,Ananya Nair,$2b$10$XwgpAycC39V9SV8vRqbwq.hvATV9vaENBzUVCkMJmzXpNhujCQSvy,user,2026-03-05 08:39:29.103,2026-03-05 08:39:29.103
17,10005@student.erp,Arjun Das,$2b$10$XwgpAycC39V9SV8vRqbwq.hvATV9vaENBzUVCkMJmzXpNhujCQSvy,user,2026-03-05 08:39:29.133,2026-03-05 08:39:29.133
18,10006@student.erp,Aryan Ghosh,$2b$10$XwgpAycC39V9SV8vRqbwq.hvATV9vaENBzUVCkMJmzXpNhujCQSvy,user,2026-03-05 08:39:29.164,2026-03-05 08:39:29.164
19,10007@student.erp,Ayesha Ghosh,$2b$10$XwgpAycC39V9SV8vRqbwq.hvATV9vaENBzUVCkMJmzXpNhujCQSvy,user,2026-03-05 08:39:29.195,2026-03-05 08:39:29.195
20,10008@student.erp,Bhavya Chopra,$2b$10$XwgpAycC39V9SV8vRqbwq.hvATV9vaENBzUVCkMJmzXpNhujCQSvy,user,2026-03-05 08:39:29.226,2026-03-05 08:39:29.226
21,10009@student.erp,Chirag Reddy,$2b$10$XwgpAycC39V9SV8vRqbwq.hvATV9vaENBzUVCkMJmzXpNhujCQSvy,user,2026-03-05 08:39:29.256,2026-03-05 08:39:29.256
22,10010@student.erp,Deepak Bhat,$2b$10$XwgpAycC39V9SV8vRqbwq.hvATV9vaENBzUVCkMJmzXpNhujCQSvy,user,2026-03-05 08:39:29.286,2026-03-05 08:39:29.286
23,10011@student.erp,Diya Gupta,$2b$10$XwgpAycC39V9SV8vRqbwq.hvATV9vaENBzUVCkMJmzXpNhujCQSvy,user,2026-03-05 08:39:29.317,2026-03-05 08:39:29.317
24,10012@student.erp,Eshan Rao,$2b$10$XwgpAycC39V9SV8vRqbwq.hvATV9vaENBzUVCkMJmzXpNhujCQSvy,user,2026-03-05 08:39:29.347,2026-03-05 08:39:29.347
25,10013@student.erp,Farhan Kapoor,$2b$10$XwgpAycC39V9SV8vRqbwq.hvATV9vaENBzUVCkMJmzXpNhujCQSvy,user,2026-03-05 08:39:29.377,2026-03-05 08:39:29.377
26,10014@student.erp,Gaurav Malhotra,$2b$10$XwgpAycC39V9SV8vRqbwq.hvATV9vaENBzUVCkMJmzXpNhujCQSvy,user,2026-03-05 08:39:29.408,2026-03-05 08:39:29.408
27,10015@student.erp,Harini Patel,$2b$10$XwgpAycC39V9SV8vRqbwq.hvATV9vaENBzUVCkMJmzXpNhujCQSvy,user,2026-03-05 08:39:29.469,2026-03-05 08:39:29.469
28,10016@student.erp,Ishaan Pillai,$2b$10$XwgpAycC39V9SV8vRqbwq.hvATV9vaENBzUVCkMJmzXpNhujCQSvy,user,2026-03-05 08:39:29.508,2026-03-05 08:39:29.508
29,10017@student.erp,Jaya Mehta,$2b$10$XwgpAycC39V9SV8vRqbwq.hvATV9vaENBzUVCkMJmzXpNhujCQSvy,user,2026-03-05 08:39:29.575,2026-03-05 08:39:29.575
30,10018@student.erp,Kabir Bhat,$2b$10$XwgpAycC39V9SV8vRqbwq.hvATV9vaENBzUVCkMJmzXpNhujCQSvy,user,2026-03-05 08:39:29.618,2026-03-05 08:39:29.618
31,10019@student.erp,Kavya Nair,$2b$10$XwgpAycC39V9SV8vRqbwq.hvATV9vaENBzUVCkMJmzXpNhujCQSvy,user,2026-03-05 08:39:29.648,2026-03-05 08:39:29.648
32,10020@student.erp,Kiran Kumar,$2b$10$XwgpAycC39V9SV8vRqbwq.hvATV9vaENBzUVCkMJmzXpNhujCQSvy,user,2026-03-05 08:39:29.678,2026-03-05 08:39:29.678
33,10021@student.erp,Krish Desai,$2b$10$XwgpAycC39V9SV8vRqbwq.hvATV9vaENBzUVCkMJmzXpNhujCQSvy,user,2026-03-05 08:39:29.708,2026-03-05 08:39:29.708
34,10022@student.erp,Lakshmi Kaur,$2b$10$XwgpAycC39V9SV8vRqbwq.hvATV9vaENBzUVCkMJmzXpNhujCQSvy,user,2026-03-05 08:39:29.740,2026-03-05 08:39:29.740
35,10023@student.erp,Manav Rao,$2b$10$XwgpAycC39V9SV8vRqbwq.hvATV9vaENBzUVCkMJmzXpNhujCQSvy,user,2026-03-05 08:39:29.770,2026-03-05 08:39:29.770
36,10024@student.erp,Meera Nair,$2b$10$XwgpAycC39V9SV8vRqbwq.hvATV9vaENBzUVCkMJmzXpNhujCQSvy,user,2026-03-05 08:39:29.800,2026-03-05 08:39:29.800
37,10025@student.erp,Mihir Mishra,$2b$10$XwgpAycC39V9SV8vRqbwq.hvATV9vaENBzUVCkMJmzXpNhujCQSvy,user,2026-03-05 08:39:29.829,2026-03-05 08:39:29.829
38,10026@student.erp,Nandini Desai,$2b$10$XwgpAycC39V9SV8vRqbwq.hvATV9vaENBzUVCkMJmzXpNhujCQSvy,user,2026-03-05 08:39:29.859,2026-03-05 08:39:29.859
39,10027@student.erp,Nikhil Sharma,$2b$10$XwgpAycC39V9SV8vRqbwq.hvATV9vaENBzUVCkMJmzXpNhujCQSvy,user,2026-03-05 08:39:29.889,2026-03-05 08:39:29.889
40,10028@student.erp,Nisha Srivastava,$2b$10$XwgpAycC39V9SV8vRqbwq.hvATV9vaENBzUVCkMJmzXpNhujCQSvy,user,2026-03-05 08:39:29.918,2026-03-05 08:39:29.918
41,10029@student.erp,Om Sharma,$2b$10$XwgpAycC39V9SV8vRqbwq.hvATV9vaENBzUVCkMJmzXpNhujCQSvy,user,2026-03-05 08:39:29.949,2026-03-05 08:39:29.949
42,10030@student.erp,Pallavi Joshi,$2b$10$XwgpAycC39V9SV8vRqbwq.hvATV9vaENBzUVCkMJmzXpNhujCQSvy,user,2026-03-05 08:39:29.978,2026-03-05 08:39:29.978
43,10031@student.erp,Pranav Singh,$2b$10$XwgpAycC39V9SV8vRqbwq.hvATV9vaENBzUVCkMJmzXpNhujCQSvy,user,2026-03-05 08:39:30.009,2026-03-05 08:39:30.009
44,10032@student.erp,Priya Kapoor,$2b$10$XwgpAycC39V9SV8vRqbwq.hvATV9vaENBzUVCkMJmzXpNhujCQSvy,user,2026-03-05 08:39:30.039,2026-03-05 08:39:30.039
45,10033@student.erp,Rahul Sinha,$2b$10$XwgpAycC39V9SV8vRqbwq.hvATV9vaENBzUVCkMJmzXpNhujCQSvy,user,2026-03-05 08:39:30.068,2026-03-05 08:39:30.068
46,10034@student.erp,Rajesh Patel,$2b$10$XwgpAycC39V9SV8vRqbwq.hvATV9vaENBzUVCkMJmzXpNhujCQSvy,user,2026-03-05 08:39:30.098,2026-03-05 08:39:30.098
47,10035@student.erp,Riya Desai,$2b$10$XwgpAycC39V9SV8vRqbwq.hvATV9vaENBzUVCkMJmzXpNhujCQSvy,user,2026-03-05 08:39:30.128,2026-03-05 08:39:30.128
48,10036@student.erp,Rohan Chopra,$2b$10$XwgpAycC39V9SV8vRqbwq.hvATV9vaENBzUVCkMJmzXpNhujCQSvy,user,2026-03-05 08:39:30.158,2026-03-05 08:39:30.158
49,10037@student.erp,Rohit Khan,$2b$10$XwgpAycC39V9SV8vRqbwq.hvATV9vaENBzUVCkMJmzXpNhujCQSvy,user,2026-03-05 08:39:30.188,2026-03-05 08:39:30.188
50,10038@student.erp,Sakshi Patel,$2b$10$XwgpAycC39V9SV8vRqbwq.hvATV9vaENBzUVCkMJmzXpNhujCQSvy,user,2026-03-05 08:39:30.218,2026-03-05 08:39:30.218
51,10039@student.erp,Sameer Das,$2b$10$XwgpAycC39V9SV8vRqbwq.hvATV9vaENBzUVCkMJmzXpNhujCQSvy,user,2026-03-05 08:39:30.248,2026-03-05 08:39:30.248
52,10040@student.erp,Sanvi Sinha,$2b$10$XwgpAycC39V9SV8vRqbwq.hvATV9vaENBzUVCkMJmzXpNhujCQSvy,user,2026-03-05 08:39:30.280,2026-03-05 08:39:30.280
53,10041@student.erp,Sarthak Mishra,$2b$10$XwgpAycC39V9SV8vRqbwq.hvATV9vaENBzUVCkMJmzXpNhujCQSvy,user,2026-03-05 08:39:30.310,2026-03-05 08:39:30.310
54,10042@student.erp,Shreya Jain,$2b$10$XwgpAycC39V9SV8vRqbwq.hvATV9vaENBzUVCkMJmzXpNhujCQSvy,user,2026-03-05 08:39:30.351,2026-03-05 08:39:30.351
55,10043@student.erp,Shubham Bhat,$2b$10$XwgpAycC39V9SV8vRqbwq.hvATV9vaENBzUVCkMJmzXpNhujCQSvy,user,2026-03-05 08:39:30.382,2026-03-05 08:39:30.382
56,10044@student.erp,Simran Pillai,$2b$10$XwgpAycC39V9SV8vRqbwq.hvATV9vaENBzUVCkMJmzXpNhujCQSvy,user,2026-03-05 08:39:30.412,2026-03-05 08:39:30.412
57,10045@student.erp,Sneha Malhotra,$2b$10$XwgpAycC39V9SV8vRqbwq.hvATV9vaENBzUVCkMJmzXpNhujCQSvy,user,2026-03-05 08:39:30.444,2026-03-05 08:39:30.444
58,10046@student.erp,Sonal Patel,$2b$10$XwgpAycC39V9SV8vRqbwq.hvATV9vaENBzUVCkMJmzXpNhujCQSvy,user,2026-03-05 08:39:30.475,2026-03-05 08:39:30.475
59,10047@student.erp,Tanvi Reddy,$2b$10$XwgpAycC39V9SV8vRqbwq.hvATV9vaENBzUVCkMJmzXpNhujCQSvy,user,2026-03-05 08:39:30.505,2026-03-05 08:39:30.505
60,10048@student.erp,Tarun Bhat,$2b$10$XwgpAycC39V9SV8vRqbwq.hvATV9vaENBzUVCkMJmzXpNhujCQSvy,user,2026-03-05 08:39:30.535,2026-03-05 08:39:30.535
61,10049@student.erp,Uday Kumar,$2b$10$XwgpAycC39V9SV8vRqbwq.hvATV9vaENBzUVCkMJmzXpNhujCQSvy,user,2026-03-05 08:39:30.567,2026-03-05 08:39:30.567
62,10050@student.erp,Ujjwal Jain,$2b$10$XwgpAycC39V9SV8vRqbwq.hvATV9vaENBzUVCkMJmzXpNhujCQSvy,user,2026-03-05 08:39:30.600,2026-03-05 08:39:30.600
63,10051@student.erp,Uma Kapoor,$2b$10$XwgpAycC39V9SV8vRqbwq.hvATV9vaENBzUVCkMJmzXpNhujCQSvy,user,2026-03-05 08:39:30.631,2026-03-05 08:39:30.631
64,10052@student.erp,Vaibhav Bansal,$2b$10$XwgpAycC39V9SV8vRqbwq.hvATV9vaENBzUVCkMJmzXpNhujCQSvy,user,2026-03-05 08:39:30.663,2026-03-05 08:39:30.663
65,10053@student.erp,Varsha Gupta,$2b$10$XwgpAycC39V9SV8vRqbwq.hvATV9vaENBzUVCkMJmzXpNhujCQSvy,user,2026-03-05 08:39:30.693,2026-03-05 08:39:30.693
66,10054@student.erp,Vikram Mehta,$2b$10$XwgpAycC39V9SV8vRqbwq.hvATV9vaENBzUVCkMJmzXpNhujCQSvy,user,2026-03-05 08:39:30.724,2026-03-05 08:39:30.724
67,10055@student.erp,Vipul Agarwal,$2b$10$XwgpAycC39V9SV8vRqbwq.hvATV9vaENBzUVCkMJmzXpNhujCQSvy,user,2026-03-05 08:39:30.755,2026-03-05 08:39:30.755
68,10056@student.erp,Vishal Kaur,$2b$10$XwgpAycC39V9SV8vRqbwq.hvATV9vaENBzUVCkMJmzXpNhujCQSvy,user,2026-03-05 08:39:30.788,2026-03-05 08:39:30.788
69,10057@student.erp,Yash Desai,$2b$10$XwgpAycC39V9SV8vRqbwq.hvATV9vaENBzUVCkMJmzXpNhujCQSvy,user,2026-03-05 08:39:30.831,2026-03-05 08:39:30.831
70,10058@student.erp,Zara Joshi,$2b$10$XwgpAycC39V9SV8vRqbwq.hvATV9vaENBzUVCkMJmzXpNhujCQSvy,user,2026-03-05 08:39:30.860,2026-03-05 08:39:30.860
71,10059@student.erp,Zoya Verma,$2b$10$XwgpAycC39V9SV8vRqbwq.hvATV9vaENBzUVCkMJmzXpNhujCQSvy,user,2026-03-05 08:39:30.891,2026-03-05 08:39:30.891
72,10060@student.erp,Zubin Mehta,$2b$10$XwgpAycC39V9SV8vRqbwq.hvATV9vaENBzUVCkMJmzXpNhujCQSvy,user,2026-03-05 08:39:30.920,2026-03-05 08:39:30.920
73,amit.sharma@pict.edu,Amit Sharma,$2b$10$PgMe4oTs/L0HnWS/wK3DbeU/eQhP0g788o8efg/asvFOUV.tctSY2,teacher,2026-03-05 08:43:21.703,2026-03-05 08:43:21.703
74,priya.iyer@pict.edu,Priya Iyer,$2b$10$R6eFD8f.cnXO.dy4hVCq7OnCL.xaoMs7UbSNGjM46TcJQxTH4tQPC,teacher,2026-03-05 08:43:21.814,2026-03-05 08:43:21.814
75,rajesh.verma@pict.edu,Rajesh Verma,$2b$10$iOBfbaxkj0SOnTp6W/cQ6ORPUy0YKjuJWCjCbQ517Tmq2UBWxJQ/2,teacher,2026-03-05 08:43:21.918,2026-03-05 08:43:21.918
76,sunita.nair@pict.edu,Sunita Nair,$2b$10$7JLabgQU6YTv4FPvrNSWBuTB/aTskwvDlbYw4KbyMvX17AMsI/l.G,teacher,2026-03-05 08:43:22.023,2026-03-05 08:43:22.023
77,vikram.patel@pict.edu,Vikram Patel,$2b$10$jcCivEFakJJo.I3epRvACuXGjXvw//e3dP6Xz2SnAEQMfWbXN3xj2,teacher,2026-03-05 08:43:22.128,2026-03-05 08:43:22.128
78,anand.kulkarni@entc.edu,Dr. Anand Kulkarni,$2b$10$HLCTy5oPEAwPAr7QOM9sdOzcX8H7gzorcSRk7eO8OovESurKejNQO,teacher,2026-03-18 09:18:13.076,2026-03-18 09:18:13.076
79,sneha.patil@entc.edu,Prof. Sneha Patil,$2b$10$Z1MQYNf/S6agEU6gzJ6.tu50yGhhZLmY7vM0Cy9OOXjabvxpux8D.,teacher,2026-03-18 09:18:15.707,2026-03-18 09:18:15.707
80,rajesh.sharma@entc.edu,Dr. Rajesh Sharma,$2b$10$RI2P2BpuKKbnIUS/smSaju4qPI.gyxaetFJZaA7Opvs78SegWAR7.,teacher,2026-03-18 09:18:17.412,2026-03-18 09:18:17.412
81,meena.deshmukh@entc.edu,Prof. Meena Deshmukh,$2b$10$8r/RJQ6tBNJzzne588vx0.VbBsUDCs.VRAL1ZpVwdR52O9AzcQA36,teacher,2026-03-18 09:18:19.103,2026-03-18 09:18:19.103
82,vikram.joshi@entc.edu,Dr. Vikram Joshi,$2b$10$6O4ipdjiEf8gOubomaT7dOJwmv1ZRDWmaB9oQJCxDbagjJxomU7Z6,teacher,2026-03-18 09:18:20.584,2026-03-18 09:18:20.584
83,priya.nair@entc.edu,Prof. Priya Nair,$2b$10$Ufjn/AFul8orTN1tWZwPje.hJXlaPhkgi81P2mrNxE2g7L2fy5T8q,teacher,2026-03-18 09:18:24.146,2026-03-18 09:18:24.146
84,suresh.bhosale@entc.edu,Dr. Suresh Bhosale,$2b$10$3SV8qlEzyGEVEp8mmpMpxueJrnvjjkPxI4dA1U.EOkE8CGAinCq32,teacher,2026-03-18 09:18:27.033,2026-03-18 09:18:27.033
85,kavita.jadhav@entc.edu,Prof. Kavita Jadhav,$2b$10$BZPQMPRQkiokL5N7V2pyK.jP6le4Ovcxu3FLMLmsD4qMB3yJYD7sW,teacher,2026-03-18 09:18:28.715,2026-03-18 09:18:28.715
86,manoj.ghosh@entc.edu,Dr. Manoj Ghosh,$2b$10$7jkeMcIU.Ra40kdUFkh8auRVxnpA3iXaiA.gMVYir/7qO9T6lu7dm,teacher,2026-03-18 09:18:30.527,2026-03-18 09:18:30.527
87,sunita.rao@entc.edu,Prof. Sunita Rao,$2b$10$QIryADrPNLmsTT1X1kPnpe.B2r1lj3/Nvgtc2fZw3RAY4Zd0VHPci,teacher,2026-03-18 09:18:32.256,2026-03-18 09:18:32.256
88,amit.pawar@entc.edu,Dr. Amit Pawar,$2b$10$E7UXodgLm65Uf7b2X6auLOC2w38hb9KBmJzwiSo3qJROXoZHYBceO,teacher,2026-03-18 09:18:33.901,2026-03-18 09:18:33.901
89,rekha.iyer@entc.edu,Prof. Rekha Iyer,$2b$10$.cTEEaoK/oG5cmUZP3Oi9OCLBxlLQzCmvbdf34HUjL8951pWgavNe,teacher,2026-03-18 09:18:35.537,2026-03-18 09:18:35.537
90,sanjay.mane@entc.edu,Dr. Sanjay Mane,$2b$10$N.Ei1IyNbgYJv8ipE0QLveKIh.CPb4oW1RMNShBXuyssKROSpywEy,teacher,2026-03-18 09:18:37.276,2026-03-18 09:18:37.276
91,deepa.chavan@entc.edu,Prof. Deepa Chavan,$2b$10$M/F/iNlu1BvKVRbCE2VXz.g7dxGP90EU8Cdmkr0pRH3Vx7zjLgJym,teacher,2026-03-18 09:18:38.923,2026-03-18 09:18:38.923
92,nilesh.thakur@entc.edu,Dr. Nilesh Thakur,$2b$10$34XLgv2KumLg4Syvaxno0OD44KkD846UJB3RgAavfUU.8wswbyFDu,teacher,2026-03-18 09:18:41.067,2026-03-18 09:18:41.067
93,anjali.deshpande@entc.edu,Prof. Anjali Deshpande,$2b$10$qQ5n/7/bDIOmy.QMY5kyleBDFBTb1ALm2fQsDueAcJ7F0OOlpwRpO,teacher,2026-03-18 09:18:43.724,2026-03-18 09:18:43.724
94,prasad.kadam@entc.edu,Dr. Prasad Kadam,$2b$10$x.TzmGQX91XgzhvpR/WNJ.WmkucwNhUnX55C53hUi9ohQwy7t53sm,teacher,2026-03-18 09:18:46.188,2026-03-18 09:18:46.188
95,rina.sawant@entc.edu,Prof. Rina Sawant,$2b$10$LPBpggTjknM13xHpl4/Q6.yJgPQ754hqeKE/drFJHFN/v0t0ZoSPm,teacher,2026-03-18 09:18:48.030,2026-03-18 09:18:48.030
96,ganesh.shinde@entc.edu,Dr. Ganesh Shinde,$2b$10$266kWtCvpk9tzENL6RxF3u3jCLp8DwxYWA/4sJCuizkhxkgFU3QF2,teacher,2026-03-18 09:18:49.670,2026-03-18 09:18:49.670
97,lalita.more@entc.edu,Prof. Lalita More,$2b$10$KRLkVpAt1kVdls0OOvMWLel1vRiNICaOSSZP22uRQYNXpqEbpJgBy,teacher,2026-03-18 09:18:51.302,2026-03-18 09:18:51.302
98,42001@student.erp,Amar Patil,$2b$10$L6E8JE09nft943wMgkd/8OFm.uMQW9ZbYBSt0iY2aeyanHMiiz8Di,user,2026-03-19 07:05:58.495,2026-03-19 07:05:58.495
99,42002@student.erp,Brijesh Kulkarni,$2b$10$L6E8JE09nft943wMgkd/8OFm.uMQW9ZbYBSt0iY2aeyanHMiiz8Di,user,2026-03-19 07:06:02.435,2026-03-19 07:06:02.435
100,42003@student.erp,Chandan Deshmukh,$2b$10$L6E8JE09nft943wMgkd/8OFm.uMQW9ZbYBSt0iY2aeyanHMiiz8Di,user,2026-03-19 07:06:05.357,2026-03-19 07:06:05.357
101,42004@student.erp,Deepesh Jadhav,$2b$10$L6E8JE09nft943wMgkd/8OFm.uMQW9ZbYBSt0iY2aeyanHMiiz8Di,user,2026-03-19 07:06:08.667,2026-03-19 07:06:08.667
102,42005@student.erp,Eklavya More,$2b$10$L6E8JE09nft943wMgkd/8OFm.uMQW9ZbYBSt0iY2aeyanHMiiz8Di,user,2026-03-19 07:06:11.391,2026-03-19 07:06:11.391
103,42006@student.erp,Feroz Pawar,$2b$10$L6E8JE09nft943wMgkd/8OFm.uMQW9ZbYBSt0iY2aeyanHMiiz8Di,user,2026-03-19 07:06:14.470,2026-03-19 07:06:14.470
104,42007@student.erp,Gopal Shinde,$2b$10$L6E8JE09nft943wMgkd/8OFm.uMQW9ZbYBSt0iY2aeyanHMiiz8Di,user,2026-03-19 07:06:17.953,2026-03-19 07:06:17.953
105,42008@student.erp,Hitesh Gaikwad,$2b$10$L6E8JE09nft943wMgkd/8OFm.uMQW9ZbYBSt0iY2aeyanHMiiz8Di,user,2026-03-19 07:06:21.249,2026-03-19 07:06:21.249
106,42009@student.erp,Indrajit Kadam,$2b$10$L6E8JE09nft943wMgkd/8OFm.uMQW9ZbYBSt0iY2aeyanHMiiz8Di,user,2026-03-19 07:06:25.020,2026-03-19 07:06:25.020
107,42010@student.erp,Jatin Chavan,$2b$10$L6E8JE09nft943wMgkd/8OFm.uMQW9ZbYBSt0iY2aeyanHMiiz8Di,user,2026-03-19 07:06:28.295,2026-03-19 07:06:28.295
108,42011@student.erp,Kapil Bhosale,$2b$10$L6E8JE09nft943wMgkd/8OFm.uMQW9ZbYBSt0iY2aeyanHMiiz8Di,user,2026-03-19 07:06:31.500,2026-03-19 07:06:31.500
109,42012@student.erp,Lohit Joshi,$2b$10$L6E8JE09nft943wMgkd/8OFm.uMQW9ZbYBSt0iY2aeyanHMiiz8Di,user,2026-03-19 07:06:34.850,2026-03-19 07:06:34.850
110,42013@student.erp,Mukund Thakur,$2b$10$L6E8JE09nft943wMgkd/8OFm.uMQW9ZbYBSt0iY2aeyanHMiiz8Di,user,2026-03-19 07:06:38.230,2026-03-19 07:06:38.230
111,42014@student.erp,Naveen Sawant,$2b$10$L6E8JE09nft943wMgkd/8OFm.uMQW9ZbYBSt0iY2aeyanHMiiz8Di,user,2026-03-19 07:06:41.569,2026-03-19 07:06:41.569
112,42015@student.erp,Ojas Mane,$2b$10$L6E8JE09nft943wMgkd/8OFm.uMQW9ZbYBSt0iY2aeyanHMiiz8Di,user,2026-03-19 07:06:44.884,2026-03-19 07:06:44.884
113,42016@student.erp,Pavan Deshpande,$2b$10$L6E8JE09nft943wMgkd/8OFm.uMQW9ZbYBSt0iY2aeyanHMiiz8Di,user,2026-03-19 07:06:48.103,2026-03-19 07:06:48.103
114,42017@student.erp,Rajan Ghosh,$2b$10$L6E8JE09nft943wMgkd/8OFm.uMQW9ZbYBSt0iY2aeyanHMiiz8Di,user,2026-03-19 07:06:51.938,2026-03-19 07:06:51.938
115,42018@student.erp,Shantanu Nair,$2b$10$L6E8JE09nft943wMgkd/8OFm.uMQW9ZbYBSt0iY2aeyanHMiiz8Di,user,2026-03-19 07:06:54.978,2026-03-19 07:06:54.978
116,42019@student.erp,Tejas Iyer,$2b$10$L6E8JE09nft943wMgkd/8OFm.uMQW9ZbYBSt0iY2aeyanHMiiz8Di,user,2026-03-19 07:06:58.094,2026-03-19 07:06:58.094
117,42020@student.erp,Utkarsh Rao,$2b$10$L6E8JE09nft943wMgkd/8OFm.uMQW9ZbYBSt0iY2aeyanHMiiz8Di,user,2026-03-19 07:07:01.679,2026-03-19 07:07:01.679
118,42021@student.erp,Akanksha Wagh,$2b$10$L6E8JE09nft943wMgkd/8OFm.uMQW9ZbYBSt0iY2aeyanHMiiz8Di,user,2026-03-19 07:07:05.262,2026-03-19 07:07:05.262
119,42022@student.erp,Bhumika Kale,$2b$10$L6E8JE09nft943wMgkd/8OFm.uMQW9ZbYBSt0iY2aeyanHMiiz8Di,user,2026-03-19 07:07:08.571,2026-03-19 07:07:08.571
120,42023@student.erp,Charulata Dhage,$2b$10$L6E8JE09nft943wMgkd/8OFm.uMQW9ZbYBSt0iY2aeyanHMiiz8Di,user,2026-03-19 07:07:11.341,2026-03-19 07:07:11.341
121,42024@student.erp,Damini Lokhande,$2b$10$L6E8JE09nft943wMgkd/8OFm.uMQW9ZbYBSt0iY2aeyanHMiiz8Di,user,2026-03-19 07:07:14.701,2026-03-19 07:07:14.701
122,42025@student.erp,Esha Suryawanshi,$2b$10$L6E8JE09nft943wMgkd/8OFm.uMQW9ZbYBSt0iY2aeyanHMiiz8Di,user,2026-03-19 07:07:17.961,2026-03-19 07:07:17.961
123,42026@student.erp,Farheen Thorat,$2b$10$L6E8JE09nft943wMgkd/8OFm.uMQW9ZbYBSt0iY2aeyanHMiiz8Di,user,2026-03-19 07:07:21.255,2026-03-19 07:07:21.255
124,42027@student.erp,Gargi Khare,$2b$10$L6E8JE09nft943wMgkd/8OFm.uMQW9ZbYBSt0iY2aeyanHMiiz8Di,user,2026-03-19 07:07:24.633,2026-03-19 07:07:24.633
125,42028@student.erp,Harsha Salunke,$2b$10$L6E8JE09nft943wMgkd/8OFm.uMQW9ZbYBSt0iY2aeyanHMiiz8Di,user,2026-03-19 07:07:28.098,2026-03-19 07:07:28.098
126,42029@student.erp,Iti Nikam,$2b$10$L6E8JE09nft943wMgkd/8OFm.uMQW9ZbYBSt0iY2aeyanHMiiz8Di,user,2026-03-19 07:07:31.391,2026-03-19 07:07:31.391
127,42030@student.erp,Juhi Ingole,$2b$10$L6E8JE09nft943wMgkd/8OFm.uMQW9ZbYBSt0iY2aeyanHMiiz8Di,user,2026-03-19 07:07:34.820,2026-03-19 07:07:34.820
128,42031@student.erp,Kriti Phadke,$2b$10$L6E8JE09nft943wMgkd/8OFm.uMQW9ZbYBSt0iY2aeyanHMiiz8Di,user,2026-03-19 07:07:38.032,2026-03-19 07:07:38.032
129,42032@student.erp,Lavanya Kelkar,$2b$10$L6E8JE09nft943wMgkd/8OFm.uMQW9ZbYBSt0iY2aeyanHMiiz8Di,user,2026-03-19 07:07:41.309,2026-03-19 07:07:41.309
130,42033@student.erp,Mugdha Bhandari,$2b$10$L6E8JE09nft943wMgkd/8OFm.uMQW9ZbYBSt0iY2aeyanHMiiz8Di,user,2026-03-19 07:07:44.995,2026-03-19 07:07:44.995
131,42034@student.erp,Nupur Gokhale,$2b$10$L6E8JE09nft943wMgkd/8OFm.uMQW9ZbYBSt0iY2aeyanHMiiz8Di,user,2026-03-19 07:07:48.477,2026-03-19 07:07:48.477
132,42035@student.erp,Pankti Apte,$2b$10$L6E8JE09nft943wMgkd/8OFm.uMQW9ZbYBSt0iY2aeyanHMiiz8Di,user,2026-03-19 07:07:52.060,2026-03-19 07:07:52.060
133,42036@student.erp,Roshni Sathe,$2b$10$L6E8JE09nft943wMgkd/8OFm.uMQW9ZbYBSt0iY2aeyanHMiiz8Di,user,2026-03-19 07:07:55.457,2026-03-19 07:07:55.457
134,42037@student.erp,Shivani Dixit,$2b$10$L6E8JE09nft943wMgkd/8OFm.uMQW9ZbYBSt0iY2aeyanHMiiz8Di,user,2026-03-19 07:07:59.127,2026-03-19 07:07:59.127
135,42038@student.erp,Trishala Limaye,$2b$10$L6E8JE09nft943wMgkd/8OFm.uMQW9ZbYBSt0iY2aeyanHMiiz8Di,user,2026-03-19 07:08:02.506,2026-03-19 07:08:02.506
136,42039@student.erp,Urvi Chitale,$2b$10$L6E8JE09nft943wMgkd/8OFm.uMQW9ZbYBSt0iY2aeyanHMiiz8Di,user,2026-03-19 07:08:05.884,2026-03-19 07:08:05.884
137,42040@student.erp,Vrinda Phadnis,$2b$10$L6E8JE09nft943wMgkd/8OFm.uMQW9ZbYBSt0iY2aeyanHMiiz8Di,user,2026-03-19 07:08:09.033,2026-03-19 07:08:09.033
138,42041@student.erp,Ashok Damle,$2b$10$L6E8JE09nft943wMgkd/8OFm.uMQW9ZbYBSt0iY2aeyanHMiiz8Di,user,2026-03-19 07:08:12.438,2026-03-19 07:08:12.438
139,42042@student.erp,Bharat Khandekar,$2b$10$L6E8JE09nft943wMgkd/8OFm.uMQW9ZbYBSt0iY2aeyanHMiiz8Di,user,2026-03-19 07:08:16.432,2026-03-19 07:08:16.432
140,42043@student.erp,Chaitanya Gadgil,$2b$10$L6E8JE09nft943wMgkd/8OFm.uMQW9ZbYBSt0iY2aeyanHMiiz8Di,user,2026-03-19 07:08:19.813,2026-03-19 07:08:19.813
141,42044@student.erp,Devraj Barve,$2b$10$L6E8JE09nft943wMgkd/8OFm.uMQW9ZbYBSt0iY2aeyanHMiiz8Di,user,2026-03-19 07:08:23.192,2026-03-19 07:08:23.192
142,42045@student.erp,Faisal Potdar,$2b$10$L6E8JE09nft943wMgkd/8OFm.uMQW9ZbYBSt0iY2aeyanHMiiz8Di,user,2026-03-19 07:08:26.382,2026-03-19 07:08:26.382
143,42046@student.erp,Gurudas Ranade,$2b$10$L6E8JE09nft943wMgkd/8OFm.uMQW9ZbYBSt0iY2aeyanHMiiz8Di,user,2026-03-19 07:08:30.053,2026-03-19 07:08:30.053
144,42047@student.erp,Harish Karve,$2b$10$L6E8JE09nft943wMgkd/8OFm.uMQW9ZbYBSt0iY2aeyanHMiiz8Di,user,2026-03-19 07:08:33.448,2026-03-19 07:08:33.448
145,42048@student.erp,Ishwar Tilak,$2b$10$L6E8JE09nft943wMgkd/8OFm.uMQW9ZbYBSt0iY2aeyanHMiiz8Di,user,2026-03-19 07:08:36.752,2026-03-19 07:08:36.752
146,42049@student.erp,Jitendra Godbole,$2b$10$L6E8JE09nft943wMgkd/8OFm.uMQW9ZbYBSt0iY2aeyanHMiiz8Di,user,2026-03-19 07:08:39.709,2026-03-19 07:08:39.709
147,42050@student.erp,Keshav Paranjape,$2b$10$L6E8JE09nft943wMgkd/8OFm.uMQW9ZbYBSt0iY2aeyanHMiiz8Di,user,2026-03-19 07:08:42.387,2026-03-19 07:08:42.387
148,42051@student.erp,Madhav Dange,$2b$10$L6E8JE09nft943wMgkd/8OFm.uMQW9ZbYBSt0iY2aeyanHMiiz8Di,user,2026-03-19 07:08:45.563,2026-03-19 07:08:45.563
149,42052@student.erp,Narayan Ghorpade,$2b$10$L6E8JE09nft943wMgkd/8OFm.uMQW9ZbYBSt0iY2aeyanHMiiz8Di,user,2026-03-19 07:08:48.707,2026-03-19 07:08:48.707
150,42053@student.erp,Prashant Marathe,$2b$10$L6E8JE09nft943wMgkd/8OFm.uMQW9ZbYBSt0iY2aeyanHMiiz8Di,user,2026-03-19 07:08:51.928,2026-03-19 07:08:51.928
151,42054@student.erp,Rajendra Bapat,$2b$10$L6E8JE09nft943wMgkd/8OFm.uMQW9ZbYBSt0iY2aeyanHMiiz8Di,user,2026-03-19 07:08:55.243,2026-03-19 07:08:55.243
152,42055@student.erp,Shashank Jog,$2b$10$L6E8JE09nft943wMgkd/8OFm.uMQW9ZbYBSt0iY2aeyanHMiiz8Di,user,2026-03-19 07:08:58.520,2026-03-19 07:08:58.520
153,42056@student.erp,Trilok Lele,$2b$10$L6E8JE09nft943wMgkd/8OFm.uMQW9ZbYBSt0iY2aeyanHMiiz8Di,user,2026-03-19 07:09:02.309,2026-03-19 07:09:02.309
154,42057@student.erp,Vaibhav Pendse,$2b$10$L6E8JE09nft943wMgkd/8OFm.uMQW9ZbYBSt0iY2aeyanHMiiz8Di,user,2026-03-19 07:09:05.515,2026-03-19 07:09:05.515
155,42058@student.erp,Yatin Sahasrabudhe,$2b$10$L6E8JE09nft943wMgkd/8OFm.uMQW9ZbYBSt0iY2aeyanHMiiz8Di,user,2026-03-19 07:09:08.573,2026-03-19 07:09:08.573
156,42059@student.erp,Akash Abhyankar,$2b$10$L6E8JE09nft943wMgkd/8OFm.uMQW9ZbYBSt0iY2aeyanHMiiz8Di,user,2026-03-19 07:09:11.431,2026-03-19 07:09:11.431
157,42060@student.erp,Baliram Modak,$2b$10$L6E8JE09nft943wMgkd/8OFm.uMQW9ZbYBSt0iY2aeyanHMiiz8Di,user,2026-03-19 07:09:14.700,2026-03-19 07:09:14.700
158,42061@student.erp,Anjana Wahane,$2b$10$L6E8JE09nft943wMgkd/8OFm.uMQW9ZbYBSt0iY2aeyanHMiiz8Di,user,2026-03-19 07:09:18.605,2026-03-19 07:09:18.605
159,42062@student.erp,Beena Tambe,$2b$10$L6E8JE09nft943wMgkd/8OFm.uMQW9ZbYBSt0iY2aeyanHMiiz8Di,user,2026-03-19 07:09:21.947,2026-03-19 07:09:21.947
160,42063@student.erp,Charusheela Berde,$2b$10$L6E8JE09nft943wMgkd/8OFm.uMQW9ZbYBSt0iY2aeyanHMiiz8Di,user,2026-03-19 07:09:25.930,2026-03-19 07:09:25.930
161,42064@student.erp,Deepika Kothare,$2b$10$L6E8JE09nft943wMgkd/8OFm.uMQW9ZbYBSt0iY2aeyanHMiiz8Di,user,2026-03-19 07:09:33.158,2026-03-19 07:09:33.158
162,42065@student.erp,Eesha Phanse,$2b$10$L6E8JE09nft943wMgkd/8OFm.uMQW9ZbYBSt0iY2aeyanHMiiz8Di,user,2026-03-19 07:09:36.232,2026-03-19 07:09:36.232
163,42066@student.erp,Gauri Agashe,$2b$10$L6E8JE09nft943wMgkd/8OFm.uMQW9ZbYBSt0iY2aeyanHMiiz8Di,user,2026-03-19 07:09:39.129,2026-03-19 07:09:39.129
164,42067@student.erp,Hemangini Bhagwat,$2b$10$L6E8JE09nft943wMgkd/8OFm.uMQW9ZbYBSt0iY2aeyanHMiiz8Di,user,2026-03-19 07:09:42.144,2026-03-19 07:09:42.144
165,42068@student.erp,Ishita Chitnis,$2b$10$L6E8JE09nft943wMgkd/8OFm.uMQW9ZbYBSt0iY2aeyanHMiiz8Di,user,2026-03-19 07:09:45.530,2026-03-19 07:09:45.530
166,42069@student.erp,Jhanvi Datar,$2b$10$L6E8JE09nft943wMgkd/8OFm.uMQW9ZbYBSt0iY2aeyanHMiiz8Di,user,2026-03-19 07:09:48.697,2026-03-19 07:09:48.697
167,42070@student.erp,Kalyani Ekbote,$2b$10$L6E8JE09nft943wMgkd/8OFm.uMQW9ZbYBSt0iY2aeyanHMiiz8Di,user,2026-03-19 07:09:52.205,2026-03-19 07:09:52.205
168,42071@student.erp,Lina Pandit,$2b$10$L6E8JE09nft943wMgkd/8OFm.uMQW9ZbYBSt0iY2aeyanHMiiz8Di,user,2026-03-19 07:09:55.763,2026-03-19 07:09:55.763
169,42072@student.erp,Meghna Raut,$2b$10$L6E8JE09nft943wMgkd/8OFm.uMQW9ZbYBSt0iY2aeyanHMiiz8Di,user,2026-03-19 07:09:59.245,2026-03-19 07:09:59.245
170,42073@student.erp,Nalini Soman,$2b$10$L6E8JE09nft943wMgkd/8OFm.uMQW9ZbYBSt0iY2aeyanHMiiz8Di,user,2026-03-19 07:10:02.727,2026-03-19 07:10:02.727
171,42074@student.erp,Priti Takle,$2b$10$L6E8JE09nft943wMgkd/8OFm.uMQW9ZbYBSt0iY2aeyanHMiiz8Di,user,2026-03-19 07:10:05.751,2026-03-19 07:10:05.751
172,42075@student.erp,Renuka Upasani,$2b$10$L6E8JE09nft943wMgkd/8OFm.uMQW9ZbYBSt0iY2aeyanHMiiz8Di,user,2026-03-19 07:10:08.741,2026-03-19 07:10:08.741
173,42076@student.erp,Shobha Vadnere,$2b$10$L6E8JE09nft943wMgkd/8OFm.uMQW9ZbYBSt0iY2aeyanHMiiz8Di,user,2026-03-19 07:10:12.149,2026-03-19 07:10:12.149
174,42077@student.erp,Tanisha Yardi,$2b$10$L6E8JE09nft943wMgkd/8OFm.uMQW9ZbYBSt0iY2aeyanHMiiz8Di,user,2026-03-19 07:10:16.039,2026-03-19 07:10:16.039
175,42078@student.erp,Uma Zunjarrao,$2b$10$L6E8JE09nft943wMgkd/8OFm.uMQW9ZbYBSt0iY2aeyanHMiiz8Di,user,2026-03-19 07:10:19.316,2026-03-19 07:10:19.316
176,42079@student.erp,Vaishnavi Athalye,$2b$10$L6E8JE09nft943wMgkd/8OFm.uMQW9ZbYBSt0iY2aeyanHMiiz8Di,user,2026-03-19 07:10:22.621,2026-03-19 07:10:22.621
177,42080@student.erp,Yami Belokar,$2b$10$L6E8JE09nft943wMgkd/8OFm.uMQW9ZbYBSt0iY2aeyanHMiiz8Di,user,2026-03-19 07:10:26.075,2026-03-19 07:10:26.075
178,42101@student.erp,Abhijit Patil,$2b$10$ElgYqJPY8qkxdkbjM16Q5e.y772STq1toeIAth5LSqBSvBH.SDY3q,user,2026-03-19 07:11:25.750,2026-03-19 07:11:25.750
179,42102@student.erp,Balaji Kulkarni,$2b$10$ElgYqJPY8qkxdkbjM16Q5e.y772STq1toeIAth5LSqBSvBH.SDY3q,user,2026-03-19 07:11:28.951,2026-03-19 07:11:28.951
180,42103@student.erp,Chetan Deshmukh,$2b$10$ElgYqJPY8qkxdkbjM16Q5e.y772STq1toeIAth5LSqBSvBH.SDY3q,user,2026-03-19 07:11:32.183,2026-03-19 07:11:32.183
181,42104@student.erp,Dhananjay Jadhav,$2b$10$ElgYqJPY8qkxdkbjM16Q5e.y772STq1toeIAth5LSqBSvBH.SDY3q,user,2026-03-19 07:11:35.298,2026-03-19 07:11:35.298
182,42105@student.erp,Gaurav More,$2b$10$ElgYqJPY8qkxdkbjM16Q5e.y772STq1toeIAth5LSqBSvBH.SDY3q,user,2026-03-19 07:11:38.474,2026-03-19 07:11:38.474
183,42106@student.erp,Hrithik Pawar,$2b$10$ElgYqJPY8qkxdkbjM16Q5e.y772STq1toeIAth5LSqBSvBH.SDY3q,user,2026-03-19 07:11:41.956,2026-03-19 07:11:41.956
184,42107@student.erp,Jayant Shinde,$2b$10$ElgYqJPY8qkxdkbjM16Q5e.y772STq1toeIAth5LSqBSvBH.SDY3q,user,2026-03-19 07:11:45.437,2026-03-19 07:11:45.437
185,42108@student.erp,Kedar Gaikwad,$2b$10$ElgYqJPY8qkxdkbjM16Q5e.y772STq1toeIAth5LSqBSvBH.SDY3q,user,2026-03-19 07:11:48.741,2026-03-19 07:11:48.741
186,42109@student.erp,Laxman Kadam,$2b$10$ElgYqJPY8qkxdkbjM16Q5e.y772STq1toeIAth5LSqBSvBH.SDY3q,user,2026-03-19 07:11:51.910,2026-03-19 07:11:51.910
187,42110@student.erp,Milind Chavan,$2b$10$ElgYqJPY8qkxdkbjM16Q5e.y772STq1toeIAth5LSqBSvBH.SDY3q,user,2026-03-19 07:11:55.471,2026-03-19 07:11:55.471
188,42111@student.erp,Nagesh Bhosale,$2b$10$ElgYqJPY8qkxdkbjM16Q5e.y772STq1toeIAth5LSqBSvBH.SDY3q,user,2026-03-19 07:11:58.544,2026-03-19 07:11:58.544
189,42112@student.erp,Paresh Joshi,$2b$10$ElgYqJPY8qkxdkbjM16Q5e.y772STq1toeIAth5LSqBSvBH.SDY3q,user,2026-03-19 07:12:02.026,2026-03-19 07:12:02.026
190,42113@student.erp,Ramesh Thakur,$2b$10$ElgYqJPY8qkxdkbjM16Q5e.y772STq1toeIAth5LSqBSvBH.SDY3q,user,2026-03-19 07:12:05.636,2026-03-19 07:12:05.636
191,42114@student.erp,Sandip Sawant,$2b$10$ElgYqJPY8qkxdkbjM16Q5e.y772STq1toeIAth5LSqBSvBH.SDY3q,user,2026-03-19 07:12:08.730,2026-03-19 07:12:08.730
192,42115@student.erp,Tushar Mane,$2b$10$ElgYqJPY8qkxdkbjM16Q5e.y772STq1toeIAth5LSqBSvBH.SDY3q,user,2026-03-19 07:12:12.005,2026-03-19 07:12:12.005
193,42116@student.erp,Umesh Deshpande,$2b$10$ElgYqJPY8qkxdkbjM16Q5e.y772STq1toeIAth5LSqBSvBH.SDY3q,user,2026-03-19 07:12:14.825,2026-03-19 07:12:14.825
194,42117@student.erp,Vijay Ghosh,$2b$10$ElgYqJPY8qkxdkbjM16Q5e.y772STq1toeIAth5LSqBSvBH.SDY3q,user,2026-03-19 07:12:17.596,2026-03-19 07:12:17.596
195,42118@student.erp,Waman Nair,$2b$10$ElgYqJPY8qkxdkbjM16Q5e.y772STq1toeIAth5LSqBSvBH.SDY3q,user,2026-03-19 07:12:20.408,2026-03-19 07:12:20.408
196,42119@student.erp,Yashwant Iyer,$2b$10$ElgYqJPY8qkxdkbjM16Q5e.y772STq1toeIAth5LSqBSvBH.SDY3q,user,2026-03-19 07:12:23.722,2026-03-19 07:12:23.722
197,42120@student.erp,Aakash Rao,$2b$10$ElgYqJPY8qkxdkbjM16Q5e.y772STq1toeIAth5LSqBSvBH.SDY3q,user,2026-03-19 07:12:26.912,2026-03-19 07:12:26.912
198,42121@student.erp,Aparna Wagh,$2b$10$ElgYqJPY8qkxdkbjM16Q5e.y772STq1toeIAth5LSqBSvBH.SDY3q,user,2026-03-19 07:12:29.850,2026-03-19 07:12:29.850
199,42122@student.erp,Bindu Kale,$2b$10$ElgYqJPY8qkxdkbjM16Q5e.y772STq1toeIAth5LSqBSvBH.SDY3q,user,2026-03-19 07:12:32.952,2026-03-19 07:12:32.952
200,42123@student.erp,Chitra Dhage,$2b$10$ElgYqJPY8qkxdkbjM16Q5e.y772STq1toeIAth5LSqBSvBH.SDY3q,user,2026-03-19 07:12:36.259,2026-03-19 07:12:36.259
201,42124@student.erp,Durga Lokhande,$2b$10$ElgYqJPY8qkxdkbjM16Q5e.y772STq1toeIAth5LSqBSvBH.SDY3q,user,2026-03-19 07:12:39.507,2026-03-19 07:12:39.507
202,42125@student.erp,Eshwari Suryawanshi,$2b$10$ElgYqJPY8qkxdkbjM16Q5e.y772STq1toeIAth5LSqBSvBH.SDY3q,user,2026-03-19 07:12:42.272,2026-03-19 07:12:42.272
203,42126@student.erp,Geetanjali Thorat,$2b$10$ElgYqJPY8qkxdkbjM16Q5e.y772STq1toeIAth5LSqBSvBH.SDY3q,user,2026-03-19 07:12:45.038,2026-03-19 07:12:45.038
204,42127@student.erp,Hemlata Khare,$2b$10$ElgYqJPY8qkxdkbjM16Q5e.y772STq1toeIAth5LSqBSvBH.SDY3q,user,2026-03-19 07:12:47.801,2026-03-19 07:12:47.801
205,42128@student.erp,Indu Salunke,$2b$10$ElgYqJPY8qkxdkbjM16Q5e.y772STq1toeIAth5LSqBSvBH.SDY3q,user,2026-03-19 07:12:50.638,2026-03-19 07:12:50.638
206,42129@student.erp,Jyoti Nikam,$2b$10$ElgYqJPY8qkxdkbjM16Q5e.y772STq1toeIAth5LSqBSvBH.SDY3q,user,2026-03-19 07:12:53.739,2026-03-19 07:12:53.739
207,42130@student.erp,Kamini Ingole,$2b$10$ElgYqJPY8qkxdkbjM16Q5e.y772STq1toeIAth5LSqBSvBH.SDY3q,user,2026-03-19 07:12:57.479,2026-03-19 07:12:57.479
208,42131@student.erp,Latika Phadke,$2b$10$ElgYqJPY8qkxdkbjM16Q5e.y772STq1toeIAth5LSqBSvBH.SDY3q,user,2026-03-19 07:13:01.038,2026-03-19 07:13:01.038
209,42132@student.erp,Minal Kelkar,$2b$10$ElgYqJPY8qkxdkbjM16Q5e.y772STq1toeIAth5LSqBSvBH.SDY3q,user,2026-03-19 07:13:03.806,2026-03-19 07:13:03.806
210,42133@student.erp,Nivedita Bhandari,$2b$10$ElgYqJPY8qkxdkbjM16Q5e.y772STq1toeIAth5LSqBSvBH.SDY3q,user,2026-03-19 07:13:06.570,2026-03-19 07:13:06.570
211,42134@student.erp,Poonam Gokhale,$2b$10$ElgYqJPY8qkxdkbjM16Q5e.y772STq1toeIAth5LSqBSvBH.SDY3q,user,2026-03-19 07:13:10.023,2026-03-19 07:13:10.023
212,42135@student.erp,Rachana Apte,$2b$10$ElgYqJPY8qkxdkbjM16Q5e.y772STq1toeIAth5LSqBSvBH.SDY3q,user,2026-03-19 07:13:13.610,2026-03-19 07:13:13.610
213,42136@student.erp,Suvarna Sathe,$2b$10$ElgYqJPY8qkxdkbjM16Q5e.y772STq1toeIAth5LSqBSvBH.SDY3q,user,2026-03-19 07:13:16.418,2026-03-19 07:13:16.418
214,42137@student.erp,Tanvi Dixit,$2b$10$ElgYqJPY8qkxdkbjM16Q5e.y772STq1toeIAth5LSqBSvBH.SDY3q,user,2026-03-19 07:13:19.443,2026-03-19 07:13:19.443
215,42138@student.erp,Urmila Limaye,$2b$10$ElgYqJPY8qkxdkbjM16Q5e.y772STq1toeIAth5LSqBSvBH.SDY3q,user,2026-03-19 07:13:22.817,2026-03-19 07:13:22.817
216,42139@student.erp,Vandana Chitale,$2b$10$ElgYqJPY8qkxdkbjM16Q5e.y772STq1toeIAth5LSqBSvBH.SDY3q,user,2026-03-19 07:13:25.578,2026-03-19 07:13:25.578
217,42140@student.erp,Warda Phadnis,$2b$10$ElgYqJPY8qkxdkbjM16Q5e.y772STq1toeIAth5LSqBSvBH.SDY3q,user,2026-03-19 07:13:28.840,2026-03-19 07:13:28.840
218,42141@student.erp,Anil Damle,$2b$10$ElgYqJPY8qkxdkbjM16Q5e.y772STq1toeIAth5LSqBSvBH.SDY3q,user,2026-03-19 07:13:32.652,2026-03-19 07:13:32.652
219,42142@student.erp,Bhushan Khandekar,$2b$10$ElgYqJPY8qkxdkbjM16Q5e.y772STq1toeIAth5LSqBSvBH.SDY3q,user,2026-03-19 07:13:36.337,2026-03-19 07:13:36.337
220,42143@student.erp,Chandrakant Gadgil,$2b$10$ElgYqJPY8qkxdkbjM16Q5e.y772STq1toeIAth5LSqBSvBH.SDY3q,user,2026-03-19 07:13:39.245,2026-03-19 07:13:39.245
221,42144@student.erp,Dilip Barve,$2b$10$ElgYqJPY8qkxdkbjM16Q5e.y772STq1toeIAth5LSqBSvBH.SDY3q,user,2026-03-19 07:13:42.178,2026-03-19 07:13:42.178
222,42145@student.erp,Eshan Potdar,$2b$10$ElgYqJPY8qkxdkbjM16Q5e.y772STq1toeIAth5LSqBSvBH.SDY3q,user,2026-03-19 07:13:45.760,2026-03-19 07:13:45.760
223,42146@student.erp,Firoz Ranade,$2b$10$ElgYqJPY8qkxdkbjM16Q5e.y772STq1toeIAth5LSqBSvBH.SDY3q,user,2026-03-19 07:13:49.166,2026-03-19 07:13:49.166
224,42147@student.erp,Gajanan Karve,$2b$10$ElgYqJPY8qkxdkbjM16Q5e.y772STq1toeIAth5LSqBSvBH.SDY3q,user,2026-03-19 07:13:52.416,2026-03-19 07:13:52.416
225,42148@student.erp,Hari Tilak,$2b$10$ElgYqJPY8qkxdkbjM16Q5e.y772STq1toeIAth5LSqBSvBH.SDY3q,user,2026-03-19 07:13:55.641,2026-03-19 07:13:55.641
226,42149@student.erp,Irfan Godbole,$2b$10$ElgYqJPY8qkxdkbjM16Q5e.y772STq1toeIAth5LSqBSvBH.SDY3q,user,2026-03-19 07:13:58.868,2026-03-19 07:13:58.868
227,42150@student.erp,Jagdish Paranjape,$2b$10$ElgYqJPY8qkxdkbjM16Q5e.y772STq1toeIAth5LSqBSvBH.SDY3q,user,2026-03-19 07:14:01.967,2026-03-19 07:14:01.967
228,42151@student.erp,Kishore Dange,$2b$10$ElgYqJPY8qkxdkbjM16Q5e.y772STq1toeIAth5LSqBSvBH.SDY3q,user,2026-03-19 07:14:05.419,2026-03-19 07:14:05.419
229,42152@student.erp,Lokesh Ghorpade,$2b$10$ElgYqJPY8qkxdkbjM16Q5e.y772STq1toeIAth5LSqBSvBH.SDY3q,user,2026-03-19 07:14:08.715,2026-03-19 07:14:08.715
230,42153@student.erp,Mohan Marathe,$2b$10$ElgYqJPY8qkxdkbjM16Q5e.y772STq1toeIAth5LSqBSvBH.SDY3q,user,2026-03-19 07:14:11.484,2026-03-19 07:14:11.484
231,42154@student.erp,Nitin Bapat,$2b$10$ElgYqJPY8qkxdkbjM16Q5e.y772STq1toeIAth5LSqBSvBH.SDY3q,user,2026-03-19 07:14:14.385,2026-03-19 07:14:14.385
232,42155@student.erp,Omesh Jog,$2b$10$ElgYqJPY8qkxdkbjM16Q5e.y772STq1toeIAth5LSqBSvBH.SDY3q,user,2026-03-19 07:14:17.530,2026-03-19 07:14:17.530
233,42156@student.erp,Prabhakar Lele,$2b$10$ElgYqJPY8qkxdkbjM16Q5e.y772STq1toeIAth5LSqBSvBH.SDY3q,user,2026-03-19 07:14:20.473,2026-03-19 07:14:20.473
234,42157@student.erp,Rafiq Pendse,$2b$10$ElgYqJPY8qkxdkbjM16Q5e.y772STq1toeIAth5LSqBSvBH.SDY3q,user,2026-03-19 07:14:23.601,2026-03-19 07:14:23.601
235,42158@student.erp,Satish Sahasrabudhe,$2b$10$ElgYqJPY8qkxdkbjM16Q5e.y772STq1toeIAth5LSqBSvBH.SDY3q,user,2026-03-19 07:14:26.720,2026-03-19 07:14:26.720
236,42159@student.erp,Tanmay Abhyankar,$2b$10$ElgYqJPY8qkxdkbjM16Q5e.y772STq1toeIAth5LSqBSvBH.SDY3q,user,2026-03-19 07:14:32.630,2026-03-19 07:14:32.630
237,42160@student.erp,Ulhas Modak,$2b$10$ElgYqJPY8qkxdkbjM16Q5e.y772STq1toeIAth5LSqBSvBH.SDY3q,user,2026-03-19 07:14:36.161,2026-03-19 07:14:36.161
238,42161@student.erp,Archana Wahane,$2b$10$ElgYqJPY8qkxdkbjM16Q5e.y772STq1toeIAth5LSqBSvBH.SDY3q,user,2026-03-19 07:14:39.230,2026-03-19 07:14:39.230
239,42162@student.erp,Bharati Tambe,$2b$10$ElgYqJPY8qkxdkbjM16Q5e.y772STq1toeIAth5LSqBSvBH.SDY3q,user,2026-03-19 07:14:42.490,2026-03-19 07:14:42.490
240,42163@student.erp,Chetana Berde,$2b$10$ElgYqJPY8qkxdkbjM16Q5e.y772STq1toeIAth5LSqBSvBH.SDY3q,user,2026-03-19 07:14:45.974,2026-03-19 07:14:45.974
241,42164@student.erp,Devyani Kothare,$2b$10$ElgYqJPY8qkxdkbjM16Q5e.y772STq1toeIAth5LSqBSvBH.SDY3q,user,2026-03-19 07:14:49.147,2026-03-19 07:14:49.147
242,42165@student.erp,Esha Phanse,$2b$10$ElgYqJPY8qkxdkbjM16Q5e.y772STq1toeIAth5LSqBSvBH.SDY3q,user,2026-03-19 07:14:52.426,2026-03-19 07:14:52.426
243,42166@student.erp,Fatima Agashe,$2b$10$ElgYqJPY8qkxdkbjM16Q5e.y772STq1toeIAth5LSqBSvBH.SDY3q,user,2026-03-19 07:14:55.394,2026-03-19 07:14:55.394
244,42167@student.erp,Gagandeep Bhagwat,$2b$10$ElgYqJPY8qkxdkbjM16Q5e.y772STq1toeIAth5LSqBSvBH.SDY3q,user,2026-03-19 07:14:58.381,2026-03-19 07:14:58.381
245,42168@student.erp,Hetal Chitnis,$2b$10$ElgYqJPY8qkxdkbjM16Q5e.y772STq1toeIAth5LSqBSvBH.SDY3q,user,2026-03-19 07:15:01.701,2026-03-19 07:15:01.701
246,42169@student.erp,Ishaani Datar,$2b$10$ElgYqJPY8qkxdkbjM16Q5e.y772STq1toeIAth5LSqBSvBH.SDY3q,user,2026-03-19 07:15:05.020,2026-03-19 07:15:05.020
247,42170@student.erp,Janaki Ekbote,$2b$10$ElgYqJPY8qkxdkbjM16Q5e.y772STq1toeIAth5LSqBSvBH.SDY3q,user,2026-03-19 07:15:07.988,2026-03-19 07:15:07.988
248,42171@student.erp,Kanchan Pandit,$2b$10$ElgYqJPY8qkxdkbjM16Q5e.y772STq1toeIAth5LSqBSvBH.SDY3q,user,2026-03-19 07:15:11.286,2026-03-19 07:15:11.286
249,42172@student.erp,Laxmi Raut,$2b$10$ElgYqJPY8qkxdkbjM16Q5e.y772STq1toeIAth5LSqBSvBH.SDY3q,user,2026-03-19 07:15:14.646,2026-03-19 07:15:14.646
250,42173@student.erp,Manisha Soman,$2b$10$ElgYqJPY8qkxdkbjM16Q5e.y772STq1toeIAth5LSqBSvBH.SDY3q,user,2026-03-19 07:15:18.127,2026-03-19 07:15:18.127
251,42174@student.erp,Naina Takle,$2b$10$ElgYqJPY8qkxdkbjM16Q5e.y772STq1toeIAth5LSqBSvBH.SDY3q,user,2026-03-19 07:15:21.459,2026-03-19 07:15:21.459
252,42175@student.erp,Prerna Upasani,$2b$10$ElgYqJPY8qkxdkbjM16Q5e.y772STq1toeIAth5LSqBSvBH.SDY3q,user,2026-03-19 07:15:24.989,2026-03-19 07:15:24.989
253,42176@student.erp,Ranjana Vadnere,$2b$10$ElgYqJPY8qkxdkbjM16Q5e.y772STq1toeIAth5LSqBSvBH.SDY3q,user,2026-03-19 07:15:28.209,2026-03-19 07:15:28.209
254,42177@student.erp,Smita Yardi,$2b$10$ElgYqJPY8qkxdkbjM16Q5e.y772STq1toeIAth5LSqBSvBH.SDY3q,user,2026-03-19 07:15:30.953,2026-03-19 07:15:30.953
255,42178@student.erp,Trupti Zunjarrao,$2b$10$ElgYqJPY8qkxdkbjM16Q5e.y772STq1toeIAth5LSqBSvBH.SDY3q,user,2026-03-19 07:15:33.853,2026-03-19 07:15:33.853
256,42201@student.erp,Arnav Patil,$2b$10$H1jCLYMplnUQa8.wDN6C3OeA0GB2X6N3s7tt29KpSVBAdovQ9eK.W,user,2026-03-19 07:15:33.933,2026-03-19 07:15:33.933
257,42179@student.erp,Usha Athalye,$2b$10$ElgYqJPY8qkxdkbjM16Q5e.y772STq1toeIAth5LSqBSvBH.SDY3q,user,2026-03-19 07:15:36.543,2026-03-19 07:15:36.543
258,42202@student.erp,Dev Kulkarni,$2b$10$H1jCLYMplnUQa8.wDN6C3OeA0GB2X6N3s7tt29KpSVBAdovQ9eK.W,user,2026-03-19 07:15:37.604,2026-03-19 07:15:37.604
259,42180@student.erp,Vidya Belokar,$2b$10$ElgYqJPY8qkxdkbjM16Q5e.y772STq1toeIAth5LSqBSvBH.SDY3q,user,2026-03-19 07:15:39.254,2026-03-19 07:15:39.254
260,42203@student.erp,Ishan Deshmukh,$2b$10$H1jCLYMplnUQa8.wDN6C3OeA0GB2X6N3s7tt29KpSVBAdovQ9eK.W,user,2026-03-19 07:15:40.310,2026-03-19 07:15:40.310
261,42204@student.erp,Kabir Jadhav,$2b$10$H1jCLYMplnUQa8.wDN6C3OeA0GB2X6N3s7tt29KpSVBAdovQ9eK.W,user,2026-03-19 07:15:43.537,2026-03-19 07:15:43.537
262,42205@student.erp,Laksh More,$2b$10$H1jCLYMplnUQa8.wDN6C3OeA0GB2X6N3s7tt29KpSVBAdovQ9eK.W,user,2026-03-19 07:15:47.313,2026-03-19 07:15:47.313
263,42206@student.erp,Manav Pawar,$2b$10$H1jCLYMplnUQa8.wDN6C3OeA0GB2X6N3s7tt29KpSVBAdovQ9eK.W,user,2026-03-19 07:15:50.692,2026-03-19 07:15:50.692
264,42207@student.erp,Neel Shinde,$2b$10$H1jCLYMplnUQa8.wDN6C3OeA0GB2X6N3s7tt29KpSVBAdovQ9eK.W,user,2026-03-19 07:15:54.173,2026-03-19 07:15:54.173
265,42208@student.erp,Om Gaikwad,$2b$10$H1jCLYMplnUQa8.wDN6C3OeA0GB2X6N3s7tt29KpSVBAdovQ9eK.W,user,2026-03-19 07:15:57.371,2026-03-19 07:15:57.371
266,42209@student.erp,Parth Kadam,$2b$10$H1jCLYMplnUQa8.wDN6C3OeA0GB2X6N3s7tt29KpSVBAdovQ9eK.W,user,2026-03-19 07:16:00.523,2026-03-19 07:16:00.523
267,42210@student.erp,Rudra Chavan,$2b$10$H1jCLYMplnUQa8.wDN6C3OeA0GB2X6N3s7tt29KpSVBAdovQ9eK.W,user,2026-03-19 07:16:03.901,2026-03-19 07:16:03.901
268,42211@student.erp,Samar Bhosale,$2b$10$H1jCLYMplnUQa8.wDN6C3OeA0GB2X6N3s7tt29KpSVBAdovQ9eK.W,user,2026-03-19 07:16:06.911,2026-03-19 07:16:06.911
269,42212@student.erp,Tanay Joshi,$2b$10$H1jCLYMplnUQa8.wDN6C3OeA0GB2X6N3s7tt29KpSVBAdovQ9eK.W,user,2026-03-19 07:16:10.149,2026-03-19 07:16:10.149
270,42213@student.erp,Uday Thakur,$2b$10$H1jCLYMplnUQa8.wDN6C3OeA0GB2X6N3s7tt29KpSVBAdovQ9eK.W,user,2026-03-19 07:16:13.634,2026-03-19 07:16:13.634
271,42214@student.erp,Ved Sawant,$2b$10$H1jCLYMplnUQa8.wDN6C3OeA0GB2X6N3s7tt29KpSVBAdovQ9eK.W,user,2026-03-19 07:16:17.444,2026-03-19 07:16:17.444
272,42215@student.erp,Yug Mane,$2b$10$H1jCLYMplnUQa8.wDN6C3OeA0GB2X6N3s7tt29KpSVBAdovQ9eK.W,user,2026-03-19 07:16:21.002,2026-03-19 07:16:21.002
273,42216@student.erp,Aayan Deshpande,$2b$10$H1jCLYMplnUQa8.wDN6C3OeA0GB2X6N3s7tt29KpSVBAdovQ9eK.W,user,2026-03-19 07:16:24.280,2026-03-19 07:16:24.280
274,42217@student.erp,Chirag Ghosh,$2b$10$H1jCLYMplnUQa8.wDN6C3OeA0GB2X6N3s7tt29KpSVBAdovQ9eK.W,user,2026-03-19 07:16:27.494,2026-03-19 07:16:27.494
275,42218@student.erp,Darsh Nair,$2b$10$H1jCLYMplnUQa8.wDN6C3OeA0GB2X6N3s7tt29KpSVBAdovQ9eK.W,user,2026-03-19 07:16:30.697,2026-03-19 07:16:30.697
276,42219@student.erp,Ehaan Iyer,$2b$10$H1jCLYMplnUQa8.wDN6C3OeA0GB2X6N3s7tt29KpSVBAdovQ9eK.W,user,2026-03-19 07:16:36.977,2026-03-19 07:16:36.977
277,42220@student.erp,Farhan Rao,$2b$10$H1jCLYMplnUQa8.wDN6C3OeA0GB2X6N3s7tt29KpSVBAdovQ9eK.W,user,2026-03-19 07:16:41.279,2026-03-19 07:16:41.279
278,42221@student.erp,Gauri Wagh,$2b$10$H1jCLYMplnUQa8.wDN6C3OeA0GB2X6N3s7tt29KpSVBAdovQ9eK.W,user,2026-03-19 07:16:44.712,2026-03-19 07:16:44.712
279,42222@student.erp,Hema Kale,$2b$10$H1jCLYMplnUQa8.wDN6C3OeA0GB2X6N3s7tt29KpSVBAdovQ9eK.W,user,2026-03-19 07:16:47.832,2026-03-19 07:16:47.832
280,42223@student.erp,Ira Dhage,$2b$10$H1jCLYMplnUQa8.wDN6C3OeA0GB2X6N3s7tt29KpSVBAdovQ9eK.W,user,2026-03-19 07:16:51.112,2026-03-19 07:16:51.112
281,42224@student.erp,Jaya Lokhande,$2b$10$H1jCLYMplnUQa8.wDN6C3OeA0GB2X6N3s7tt29KpSVBAdovQ9eK.W,user,2026-03-19 07:16:54.208,2026-03-19 07:16:54.208
282,42225@student.erp,Keya Suryawanshi,$2b$10$H1jCLYMplnUQa8.wDN6C3OeA0GB2X6N3s7tt29KpSVBAdovQ9eK.W,user,2026-03-19 07:16:57.355,2026-03-19 07:16:57.355
283,42226@student.erp,Lata Thorat,$2b$10$H1jCLYMplnUQa8.wDN6C3OeA0GB2X6N3s7tt29KpSVBAdovQ9eK.W,user,2026-03-19 07:17:00.411,2026-03-19 07:17:00.411
284,42227@student.erp,Maya Khare,$2b$10$H1jCLYMplnUQa8.wDN6C3OeA0GB2X6N3s7tt29KpSVBAdovQ9eK.W,user,2026-03-19 07:17:03.629,2026-03-19 07:17:03.629
285,42228@student.erp,Nandini Salunke,$2b$10$H1jCLYMplnUQa8.wDN6C3OeA0GB2X6N3s7tt29KpSVBAdovQ9eK.W,user,2026-03-19 07:17:06.698,2026-03-19 07:17:06.698
286,42229@student.erp,Oviya Nikam,$2b$10$H1jCLYMplnUQa8.wDN6C3OeA0GB2X6N3s7tt29KpSVBAdovQ9eK.W,user,2026-03-19 07:17:10.156,2026-03-19 07:17:10.156
287,42230@student.erp,Pari Ingole,$2b$10$H1jCLYMplnUQa8.wDN6C3OeA0GB2X6N3s7tt29KpSVBAdovQ9eK.W,user,2026-03-19 07:17:13.513,2026-03-19 07:17:13.513
288,42231@student.erp,Richa Phadke,$2b$10$H1jCLYMplnUQa8.wDN6C3OeA0GB2X6N3s7tt29KpSVBAdovQ9eK.W,user,2026-03-19 07:17:17.016,2026-03-19 07:17:17.016
289,42232@student.erp,Siya Kelkar,$2b$10$H1jCLYMplnUQa8.wDN6C3OeA0GB2X6N3s7tt29KpSVBAdovQ9eK.W,user,2026-03-19 07:17:20.909,2026-03-19 07:17:20.909
290,42233@student.erp,Tara Bhandari,$2b$10$H1jCLYMplnUQa8.wDN6C3OeA0GB2X6N3s7tt29KpSVBAdovQ9eK.W,user,2026-03-19 07:17:24.901,2026-03-19 07:17:24.901
291,42234@student.erp,Uma Gokhale,$2b$10$H1jCLYMplnUQa8.wDN6C3OeA0GB2X6N3s7tt29KpSVBAdovQ9eK.W,user,2026-03-19 07:17:28.256,2026-03-19 07:17:28.256
292,42235@student.erp,Veda Apte,$2b$10$H1jCLYMplnUQa8.wDN6C3OeA0GB2X6N3s7tt29KpSVBAdovQ9eK.W,user,2026-03-19 07:17:31.485,2026-03-19 07:17:31.485
293,42236@student.erp,Wahi Sathe,$2b$10$H1jCLYMplnUQa8.wDN6C3OeA0GB2X6N3s7tt29KpSVBAdovQ9eK.W,user,2026-03-19 07:17:34.630,2026-03-19 07:17:34.630
294,42237@student.erp,Yamini Dixit,$2b$10$H1jCLYMplnUQa8.wDN6C3OeA0GB2X6N3s7tt29KpSVBAdovQ9eK.W,user,2026-03-19 07:17:37.729,2026-03-19 07:17:37.729
295,42238@student.erp,Zara Limaye,$2b$10$H1jCLYMplnUQa8.wDN6C3OeA0GB2X6N3s7tt29KpSVBAdovQ9eK.W,user,2026-03-19 07:17:40.535,2026-03-19 07:17:40.535
296,42239@student.erp,Aditi Chitale,$2b$10$H1jCLYMplnUQa8.wDN6C3OeA0GB2X6N3s7tt29KpSVBAdovQ9eK.W,user,2026-03-19 07:17:43.398,2026-03-19 07:17:43.398
297,42240@student.erp,Bhavna Phadnis,$2b$10$H1jCLYMplnUQa8.wDN6C3OeA0GB2X6N3s7tt29KpSVBAdovQ9eK.W,user,2026-03-19 07:17:46.191,2026-03-19 07:17:46.191
298,42241@student.erp,Chinmay Damle,$2b$10$H1jCLYMplnUQa8.wDN6C3OeA0GB2X6N3s7tt29KpSVBAdovQ9eK.W,user,2026-03-19 07:17:49.213,2026-03-19 07:17:49.213
299,42242@student.erp,Devendra Khandekar,$2b$10$H1jCLYMplnUQa8.wDN6C3OeA0GB2X6N3s7tt29KpSVBAdovQ9eK.W,user,2026-03-19 07:17:52.269,2026-03-19 07:17:52.269
300,42243@student.erp,Eknath Gadgil,$2b$10$H1jCLYMplnUQa8.wDN6C3OeA0GB2X6N3s7tt29KpSVBAdovQ9eK.W,user,2026-03-19 07:17:55.798,2026-03-19 07:17:55.798
301,42244@student.erp,Girish Barve,$2b$10$H1jCLYMplnUQa8.wDN6C3OeA0GB2X6N3s7tt29KpSVBAdovQ9eK.W,user,2026-03-19 07:17:58.588,2026-03-19 07:17:58.588
302,42245@student.erp,Hemant Potdar,$2b$10$H1jCLYMplnUQa8.wDN6C3OeA0GB2X6N3s7tt29KpSVBAdovQ9eK.W,user,2026-03-19 07:18:01.971,2026-03-19 07:18:01.971
303,42246@student.erp,Jaydeep Ranade,$2b$10$H1jCLYMplnUQa8.wDN6C3OeA0GB2X6N3s7tt29KpSVBAdovQ9eK.W,user,2026-03-19 07:18:05.277,2026-03-19 07:18:05.277
304,42247@student.erp,Kartik Karve,$2b$10$H1jCLYMplnUQa8.wDN6C3OeA0GB2X6N3s7tt29KpSVBAdovQ9eK.W,user,2026-03-19 07:18:08.935,2026-03-19 07:18:08.935
305,42248@student.erp,Lalit Tilak,$2b$10$H1jCLYMplnUQa8.wDN6C3OeA0GB2X6N3s7tt29KpSVBAdovQ9eK.W,user,2026-03-19 07:18:12.724,2026-03-19 07:18:12.724
306,42249@student.erp,Mahesh Godbole,$2b$10$H1jCLYMplnUQa8.wDN6C3OeA0GB2X6N3s7tt29KpSVBAdovQ9eK.W,user,2026-03-19 07:18:16.104,2026-03-19 07:18:16.104
307,42250@student.erp,Naresh Paranjape,$2b$10$H1jCLYMplnUQa8.wDN6C3OeA0GB2X6N3s7tt29KpSVBAdovQ9eK.W,user,2026-03-19 07:18:19.380,2026-03-19 07:18:19.380
308,42251@student.erp,Onkar Dange,$2b$10$H1jCLYMplnUQa8.wDN6C3OeA0GB2X6N3s7tt29KpSVBAdovQ9eK.W,user,2026-03-19 07:18:22.857,2026-03-19 07:18:22.857
309,42252@student.erp,Piyush Ghorpade,$2b$10$H1jCLYMplnUQa8.wDN6C3OeA0GB2X6N3s7tt29KpSVBAdovQ9eK.W,user,2026-03-19 07:18:25.877,2026-03-19 07:18:25.877
310,42253@student.erp,Rakesh Marathe,$2b$10$H1jCLYMplnUQa8.wDN6C3OeA0GB2X6N3s7tt29KpSVBAdovQ9eK.W,user,2026-03-19 07:18:28.932,2026-03-19 07:18:28.932
311,42254@student.erp,Sachin Bapat,$2b$10$H1jCLYMplnUQa8.wDN6C3OeA0GB2X6N3s7tt29KpSVBAdovQ9eK.W,user,2026-03-19 07:18:32.078,2026-03-19 07:18:32.078
312,42255@student.erp,Tarun Jog,$2b$10$H1jCLYMplnUQa8.wDN6C3OeA0GB2X6N3s7tt29KpSVBAdovQ9eK.W,user,2026-03-19 07:18:35.662,2026-03-19 07:18:35.662
313,42256@student.erp,Ujjwal Lele,$2b$10$H1jCLYMplnUQa8.wDN6C3OeA0GB2X6N3s7tt29KpSVBAdovQ9eK.W,user,2026-03-19 07:18:38.753,2026-03-19 07:18:38.753
314,42257@student.erp,Vinay Pendse,$2b$10$H1jCLYMplnUQa8.wDN6C3OeA0GB2X6N3s7tt29KpSVBAdovQ9eK.W,user,2026-03-19 07:18:41.537,2026-03-19 07:18:41.537
315,42258@student.erp,Wasim Sahasrabudhe,$2b$10$H1jCLYMplnUQa8.wDN6C3OeA0GB2X6N3s7tt29KpSVBAdovQ9eK.W,user,2026-03-19 07:18:44.590,2026-03-19 07:18:44.590
316,42259@student.erp,Yogesh Abhyankar,$2b$10$H1jCLYMplnUQa8.wDN6C3OeA0GB2X6N3s7tt29KpSVBAdovQ9eK.W,user,2026-03-19 07:18:47.955,2026-03-19 07:18:47.955
317,42260@student.erp,Zubin Modak,$2b$10$H1jCLYMplnUQa8.wDN6C3OeA0GB2X6N3s7tt29KpSVBAdovQ9eK.W,user,2026-03-19 07:18:50.847,2026-03-19 07:18:50.847
318,42261@student.erp,Asmita Wahane,$2b$10$H1jCLYMplnUQa8.wDN6C3OeA0GB2X6N3s7tt29KpSVBAdovQ9eK.W,user,2026-03-19 07:18:54.197,2026-03-19 07:18:54.197
319,42262@student.erp,Bhairavi Tambe,$2b$10$H1jCLYMplnUQa8.wDN6C3OeA0GB2X6N3s7tt29KpSVBAdovQ9eK.W,user,2026-03-19 07:18:57.306,2026-03-19 07:18:57.306
320,42263@student.erp,Chhaya Berde,$2b$10$H1jCLYMplnUQa8.wDN6C3OeA0GB2X6N3s7tt29KpSVBAdovQ9eK.W,user,2026-03-19 07:19:00.105,2026-03-19 07:19:00.105
321,42264@student.erp,Dipali Kothare,$2b$10$H1jCLYMplnUQa8.wDN6C3OeA0GB2X6N3s7tt29KpSVBAdovQ9eK.W,user,2026-03-19 07:19:03.106,2026-03-19 07:19:03.106
322,42265@student.erp,Ekta Phanse,$2b$10$H1jCLYMplnUQa8.wDN6C3OeA0GB2X6N3s7tt29KpSVBAdovQ9eK.W,user,2026-03-19 07:19:06.179,2026-03-19 07:19:06.179
323,42266@student.erp,Falguni Agashe,$2b$10$H1jCLYMplnUQa8.wDN6C3OeA0GB2X6N3s7tt29KpSVBAdovQ9eK.W,user,2026-03-19 07:19:08.980,2026-03-19 07:19:08.980
324,42267@student.erp,Girija Bhagwat,$2b$10$H1jCLYMplnUQa8.wDN6C3OeA0GB2X6N3s7tt29KpSVBAdovQ9eK.W,user,2026-03-19 07:19:12.527,2026-03-19 07:19:12.527
325,42268@student.erp,Harshada Chitnis,$2b$10$H1jCLYMplnUQa8.wDN6C3OeA0GB2X6N3s7tt29KpSVBAdovQ9eK.W,user,2026-03-19 07:19:15.599,2026-03-19 07:19:15.599
326,42269@student.erp,Indira Datar,$2b$10$H1jCLYMplnUQa8.wDN6C3OeA0GB2X6N3s7tt29KpSVBAdovQ9eK.W,user,2026-03-19 07:19:19.284,2026-03-19 07:19:19.284
327,42270@student.erp,Jayashree Ekbote,$2b$10$H1jCLYMplnUQa8.wDN6C3OeA0GB2X6N3s7tt29KpSVBAdovQ9eK.W,user,2026-03-19 07:19:22.414,2026-03-19 07:19:22.414
328,42271@student.erp,Ketaki Pandit,$2b$10$H1jCLYMplnUQa8.wDN6C3OeA0GB2X6N3s7tt29KpSVBAdovQ9eK.W,user,2026-03-19 07:19:25.531,2026-03-19 07:19:25.531
329,42272@student.erp,Leena Raut,$2b$10$H1jCLYMplnUQa8.wDN6C3OeA0GB2X6N3s7tt29KpSVBAdovQ9eK.W,user,2026-03-19 07:19:28.502,2026-03-19 07:19:28.502
330,42273@student.erp,Madhuri Soman,$2b$10$H1jCLYMplnUQa8.wDN6C3OeA0GB2X6N3s7tt29KpSVBAdovQ9eK.W,user,2026-03-19 07:19:31.984,2026-03-19 07:19:31.984
331,42274@student.erp,Namrata Takle,$2b$10$H1jCLYMplnUQa8.wDN6C3OeA0GB2X6N3s7tt29KpSVBAdovQ9eK.W,user,2026-03-19 07:19:35.489,2026-03-19 07:19:35.489
332,42275@student.erp,Padma Upasani,$2b$10$H1jCLYMplnUQa8.wDN6C3OeA0GB2X6N3s7tt29KpSVBAdovQ9eK.W,user,2026-03-19 07:19:38.845,2026-03-19 07:19:38.845
333,42276@student.erp,Radhika Vadnere,$2b$10$H1jCLYMplnUQa8.wDN6C3OeA0GB2X6N3s7tt29KpSVBAdovQ9eK.W,user,2026-03-19 07:19:42.313,2026-03-19 07:19:42.313
334,42277@student.erp,Sarika Yardi,$2b$10$H1jCLYMplnUQa8.wDN6C3OeA0GB2X6N3s7tt29KpSVBAdovQ9eK.W,user,2026-03-19 07:19:45.177,2026-03-19 07:19:45.177
335,42278@student.erp,Tejal Zunjarrao,$2b$10$H1jCLYMplnUQa8.wDN6C3OeA0GB2X6N3s7tt29KpSVBAdovQ9eK.W,user,2026-03-19 07:19:49.597,2026-03-19 07:19:49.597
336,42279@student.erp,Ujwala Athalye,$2b$10$H1jCLYMplnUQa8.wDN6C3OeA0GB2X6N3s7tt29KpSVBAdovQ9eK.W,user,2026-03-19 07:19:53.181,2026-03-19 07:19:53.181
337,42280@student.erp,Vaishali Belokar,$2b$10$H1jCLYMplnUQa8.wDN6C3OeA0GB2X6N3s7tt29KpSVBAdovQ9eK.W,user,2026-03-19 07:19:57.452,2026-03-19 07:19:57.452
338,42301@student.erp,Aarav Patil,$2b$10$HBZiSxsYcJO.HNwelAa6ROLA/aOxQM86o5lspXxG9Rkf/uhhjRtKK,user,2026-03-19 07:21:28.008,2026-03-19 07:21:28.008
339,42302@student.erp,Vivaan Kulkarni,$2b$10$HBZiSxsYcJO.HNwelAa6ROLA/aOxQM86o5lspXxG9Rkf/uhhjRtKK,user,2026-03-19 07:21:31.180,2026-03-19 07:21:31.180
340,42303@student.erp,Aditya Deshmukh,$2b$10$HBZiSxsYcJO.HNwelAa6ROLA/aOxQM86o5lspXxG9Rkf/uhhjRtKK,user,2026-03-19 07:21:36.514,2026-03-19 07:21:36.514
341,42304@student.erp,Vihaan Jadhav,$2b$10$HBZiSxsYcJO.HNwelAa6ROLA/aOxQM86o5lspXxG9Rkf/uhhjRtKK,user,2026-03-19 07:21:41.432,2026-03-19 07:21:41.432
342,42305@student.erp,Arjun More,$2b$10$HBZiSxsYcJO.HNwelAa6ROLA/aOxQM86o5lspXxG9Rkf/uhhjRtKK,user,2026-03-19 07:21:44.289,2026-03-19 07:21:44.289
343,42306@student.erp,Sai Pawar,$2b$10$HBZiSxsYcJO.HNwelAa6ROLA/aOxQM86o5lspXxG9Rkf/uhhjRtKK,user,2026-03-19 07:21:47.565,2026-03-19 07:21:47.565
344,42307@student.erp,Reyansh Shinde,$2b$10$HBZiSxsYcJO.HNwelAa6ROLA/aOxQM86o5lspXxG9Rkf/uhhjRtKK,user,2026-03-19 07:21:51.048,2026-03-19 07:21:51.048
345,42308@student.erp,Ayaan Gaikwad,$2b$10$HBZiSxsYcJO.HNwelAa6ROLA/aOxQM86o5lspXxG9Rkf/uhhjRtKK,user,2026-03-19 07:21:54.836,2026-03-19 07:21:54.836
346,42309@student.erp,Krishna Kadam,$2b$10$HBZiSxsYcJO.HNwelAa6ROLA/aOxQM86o5lspXxG9Rkf/uhhjRtKK,user,2026-03-19 07:21:58.013,2026-03-19 07:21:58.013
347,42310@student.erp,Ishaan Chavan,$2b$10$HBZiSxsYcJO.HNwelAa6ROLA/aOxQM86o5lspXxG9Rkf/uhhjRtKK,user,2026-03-19 07:22:01.391,2026-03-19 07:22:01.391
348,42311@student.erp,Rohan Bhosale,$2b$10$HBZiSxsYcJO.HNwelAa6ROLA/aOxQM86o5lspXxG9Rkf/uhhjRtKK,user,2026-03-19 07:22:04.065,2026-03-19 07:22:04.065
349,42312@student.erp,Sahil Joshi,$2b$10$HBZiSxsYcJO.HNwelAa6ROLA/aOxQM86o5lspXxG9Rkf/uhhjRtKK,user,2026-03-19 07:22:06.527,2026-03-19 07:22:06.527
350,42313@student.erp,Yash Thakur,$2b$10$HBZiSxsYcJO.HNwelAa6ROLA/aOxQM86o5lspXxG9Rkf/uhhjRtKK,user,2026-03-19 07:22:09.582,2026-03-19 07:22:09.582
351,42314@student.erp,Tanmay Sawant,$2b$10$HBZiSxsYcJO.HNwelAa6ROLA/aOxQM86o5lspXxG9Rkf/uhhjRtKK,user,2026-03-19 07:22:12.553,2026-03-19 07:22:12.553
352,42315@student.erp,Harsh Mane,$2b$10$HBZiSxsYcJO.HNwelAa6ROLA/aOxQM86o5lspXxG9Rkf/uhhjRtKK,user,2026-03-19 07:22:15.727,2026-03-19 07:22:15.727
353,42316@student.erp,Omkar Deshpande,$2b$10$HBZiSxsYcJO.HNwelAa6ROLA/aOxQM86o5lspXxG9Rkf/uhhjRtKK,user,2026-03-19 07:22:18.593,2026-03-19 07:22:18.593
354,42317@student.erp,Pranav Ghosh,$2b$10$HBZiSxsYcJO.HNwelAa6ROLA/aOxQM86o5lspXxG9Rkf/uhhjRtKK,user,2026-03-19 07:22:21.972,2026-03-19 07:22:21.972
355,42318@student.erp,Tejas Nair,$2b$10$HBZiSxsYcJO.HNwelAa6ROLA/aOxQM86o5lspXxG9Rkf/uhhjRtKK,user,2026-03-19 07:22:25.660,2026-03-19 07:22:25.660
356,42319@student.erp,Kunal Iyer,$2b$10$HBZiSxsYcJO.HNwelAa6ROLA/aOxQM86o5lspXxG9Rkf/uhhjRtKK,user,2026-03-19 07:22:28.436,2026-03-19 07:22:28.436
357,42320@student.erp,Nikhil Rao,$2b$10$HBZiSxsYcJO.HNwelAa6ROLA/aOxQM86o5lspXxG9Rkf/uhhjRtKK,user,2026-03-19 07:22:31.091,2026-03-19 07:22:31.091
358,42322@student.erp,Diya Kale,$2b$10$HBZiSxsYcJO.HNwelAa6ROLA/aOxQM86o5lspXxG9Rkf/uhhjRtKK,user,2026-03-19 07:22:34.670,2026-03-19 07:22:34.670
359,42323@student.erp,Saanvi Dhage,$2b$10$HBZiSxsYcJO.HNwelAa6ROLA/aOxQM86o5lspXxG9Rkf/uhhjRtKK,user,2026-03-19 07:22:37.639,2026-03-19 07:22:37.639
360,42324@student.erp,Anika Lokhande,$2b$10$HBZiSxsYcJO.HNwelAa6ROLA/aOxQM86o5lspXxG9Rkf/uhhjRtKK,user,2026-03-19 07:22:41.138,2026-03-19 07:22:41.138
361,42325@student.erp,Mira Suryawanshi,$2b$10$HBZiSxsYcJO.HNwelAa6ROLA/aOxQM86o5lspXxG9Rkf/uhhjRtKK,user,2026-03-19 07:22:44.399,2026-03-19 07:22:44.399
362,42326@student.erp,Riya Thorat,$2b$10$HBZiSxsYcJO.HNwelAa6ROLA/aOxQM86o5lspXxG9Rkf/uhhjRtKK,user,2026-03-19 07:22:47.880,2026-03-19 07:22:47.880
363,42327@student.erp,Pooja Khare,$2b$10$HBZiSxsYcJO.HNwelAa6ROLA/aOxQM86o5lspXxG9Rkf/uhhjRtKK,user,2026-03-19 07:22:51.259,2026-03-19 07:22:51.259
364,42328@student.erp,Sneha Salunke,$2b$10$HBZiSxsYcJO.HNwelAa6ROLA/aOxQM86o5lspXxG9Rkf/uhhjRtKK,user,2026-03-19 07:22:54.638,2026-03-19 07:22:54.638
365,42329@student.erp,Isha Nikam,$2b$10$HBZiSxsYcJO.HNwelAa6ROLA/aOxQM86o5lspXxG9Rkf/uhhjRtKK,user,2026-03-19 07:22:58.223,2026-03-19 07:22:58.223
366,42330@student.erp,Nisha Ingole,$2b$10$HBZiSxsYcJO.HNwelAa6ROLA/aOxQM86o5lspXxG9Rkf/uhhjRtKK,user,2026-03-19 07:23:01.532,2026-03-19 07:23:01.532
367,42331@student.erp,Advait Phadke,$2b$10$HBZiSxsYcJO.HNwelAa6ROLA/aOxQM86o5lspXxG9Rkf/uhhjRtKK,user,2026-03-19 07:23:04.573,2026-03-19 07:23:04.573
368,42332@student.erp,Dhruv Kelkar,$2b$10$HBZiSxsYcJO.HNwelAa6ROLA/aOxQM86o5lspXxG9Rkf/uhhjRtKK,user,2026-03-19 07:23:07.747,2026-03-19 07:23:07.747
369,42333@student.erp,Parth Bhandari,$2b$10$HBZiSxsYcJO.HNwelAa6ROLA/aOxQM86o5lspXxG9Rkf/uhhjRtKK,user,2026-03-19 07:23:11.433,2026-03-19 07:23:11.433
370,42334@student.erp,Atharv Gokhale,$2b$10$HBZiSxsYcJO.HNwelAa6ROLA/aOxQM86o5lspXxG9Rkf/uhhjRtKK,user,2026-03-19 07:23:14.403,2026-03-19 07:23:14.403
371,42335@student.erp,Shubham Apte,$2b$10$HBZiSxsYcJO.HNwelAa6ROLA/aOxQM86o5lspXxG9Rkf/uhhjRtKK,user,2026-03-19 07:23:17.987,2026-03-19 07:23:17.987
372,42336@student.erp,Akshay Sathe,$2b$10$HBZiSxsYcJO.HNwelAa6ROLA/aOxQM86o5lspXxG9Rkf/uhhjRtKK,user,2026-03-19 07:23:21.368,2026-03-19 07:23:21.368
373,42337@student.erp,Rahul Dixit,$2b$10$HBZiSxsYcJO.HNwelAa6ROLA/aOxQM86o5lspXxG9Rkf/uhhjRtKK,user,2026-03-19 07:23:25.052,2026-03-19 07:23:25.052
374,42338@student.erp,Varun Limaye,$2b$10$HBZiSxsYcJO.HNwelAa6ROLA/aOxQM86o5lspXxG9Rkf/uhhjRtKK,user,2026-03-19 07:23:28.738,2026-03-19 07:23:28.738
375,42339@student.erp,Siddharth Chitale,$2b$10$HBZiSxsYcJO.HNwelAa6ROLA/aOxQM86o5lspXxG9Rkf/uhhjRtKK,user,2026-03-19 07:23:31.913,2026-03-19 07:23:31.913
376,42340@student.erp,Mayur Phadnis,$2b$10$HBZiSxsYcJO.HNwelAa6ROLA/aOxQM86o5lspXxG9Rkf/uhhjRtKK,user,2026-03-19 07:23:35.395,2026-03-19 07:23:35.395
377,42342@student.erp,Sakshi Khandekar,$2b$10$HBZiSxsYcJO.HNwelAa6ROLA/aOxQM86o5lspXxG9Rkf/uhhjRtKK,user,2026-03-19 07:23:38.470,2026-03-19 07:23:38.470
378,42343@student.erp,Shruti Gadgil,$2b$10$HBZiSxsYcJO.HNwelAa6ROLA/aOxQM86o5lspXxG9Rkf/uhhjRtKK,user,2026-03-19 07:23:41.136,2026-03-19 07:23:41.136
379,42344@student.erp,Neha Barve,$2b$10$HBZiSxsYcJO.HNwelAa6ROLA/aOxQM86o5lspXxG9Rkf/uhhjRtKK,user,2026-03-19 07:23:43.818,2026-03-19 07:23:43.818
380,42345@student.erp,Komal Potdar,$2b$10$HBZiSxsYcJO.HNwelAa6ROLA/aOxQM86o5lspXxG9Rkf/uhhjRtKK,user,2026-03-19 07:23:46.612,2026-03-19 07:23:46.612
381,42346@student.erp,Gayatri Ranade,$2b$10$HBZiSxsYcJO.HNwelAa6ROLA/aOxQM86o5lspXxG9Rkf/uhhjRtKK,user,2026-03-19 07:23:49.834,2026-03-19 07:23:49.834
382,42347@student.erp,Manasi Karve,$2b$10$HBZiSxsYcJO.HNwelAa6ROLA/aOxQM86o5lspXxG9Rkf/uhhjRtKK,user,2026-03-19 07:23:53.216,2026-03-19 07:23:53.216
383,42348@student.erp,Rutuja Tilak,$2b$10$HBZiSxsYcJO.HNwelAa6ROLA/aOxQM86o5lspXxG9Rkf/uhhjRtKK,user,2026-03-19 07:23:56.487,2026-03-19 07:23:56.487
384,42349@student.erp,Bhakti Godbole,$2b$10$HBZiSxsYcJO.HNwelAa6ROLA/aOxQM86o5lspXxG9Rkf/uhhjRtKK,user,2026-03-19 07:23:59.664,2026-03-19 07:23:59.664
385,42350@student.erp,Gauri Paranjape,$2b$10$HBZiSxsYcJO.HNwelAa6ROLA/aOxQM86o5lspXxG9Rkf/uhhjRtKK,user,2026-03-19 07:24:02.942,2026-03-19 07:24:02.942
386,42351@student.erp,Soham Dange,$2b$10$HBZiSxsYcJO.HNwelAa6ROLA/aOxQM86o5lspXxG9Rkf/uhhjRtKK,user,2026-03-19 07:24:06.277,2026-03-19 07:24:06.277
387,42352@student.erp,Darshan Ghorpade,$2b$10$HBZiSxsYcJO.HNwelAa6ROLA/aOxQM86o5lspXxG9Rkf/uhhjRtKK,user,2026-03-19 07:24:08.983,2026-03-19 07:24:08.983
388,42353@student.erp,Pratik Marathe,$2b$10$HBZiSxsYcJO.HNwelAa6ROLA/aOxQM86o5lspXxG9Rkf/uhhjRtKK,user,2026-03-19 07:24:12.567,2026-03-19 07:24:12.567
389,42354@student.erp,Tushar Bapat,$2b$10$HBZiSxsYcJO.HNwelAa6ROLA/aOxQM86o5lspXxG9Rkf/uhhjRtKK,user,2026-03-19 07:24:16.254,2026-03-19 07:24:16.254
390,42355@student.erp,Ganesh Jog,$2b$10$HBZiSxsYcJO.HNwelAa6ROLA/aOxQM86o5lspXxG9Rkf/uhhjRtKK,user,2026-03-19 07:24:19.635,2026-03-19 07:24:19.635
391,42356@student.erp,Sunil Lele,$2b$10$HBZiSxsYcJO.HNwelAa6ROLA/aOxQM86o5lspXxG9Rkf/uhhjRtKK,user,2026-03-19 07:24:22.910,2026-03-19 07:24:22.910
392,42357@student.erp,Vishal Pendse,$2b$10$HBZiSxsYcJO.HNwelAa6ROLA/aOxQM86o5lspXxG9Rkf/uhhjRtKK,user,2026-03-19 07:24:26.393,2026-03-19 07:24:26.393
393,42358@student.erp,Ajay Sahasrabudhe,$2b$10$HBZiSxsYcJO.HNwelAa6ROLA/aOxQM86o5lspXxG9Rkf/uhhjRtKK,user,2026-03-19 07:24:29.976,2026-03-19 07:24:29.976
394,42359@student.erp,Mohit Abhyankar,$2b$10$HBZiSxsYcJO.HNwelAa6ROLA/aOxQM86o5lspXxG9Rkf/uhhjRtKK,user,2026-03-19 07:24:33.150,2026-03-19 07:24:33.150
395,42360@student.erp,Deepak Modak,$2b$10$HBZiSxsYcJO.HNwelAa6ROLA/aOxQM86o5lspXxG9Rkf/uhhjRtKK,user,2026-03-19 07:24:36.225,2026-03-19 07:24:36.225
396,42361@student.erp,Swati Wahane,$2b$10$HBZiSxsYcJO.HNwelAa6ROLA/aOxQM86o5lspXxG9Rkf/uhhjRtKK,user,2026-03-19 07:24:38.987,2026-03-19 07:24:38.987
397,42362@student.erp,Pallavi Tambe,$2b$10$HBZiSxsYcJO.HNwelAa6ROLA/aOxQM86o5lspXxG9Rkf/uhhjRtKK,user,2026-03-19 07:24:42.367,2026-03-19 07:24:42.367
398,42363@student.erp,Megha Berde,$2b$10$HBZiSxsYcJO.HNwelAa6ROLA/aOxQM86o5lspXxG9Rkf/uhhjRtKK,user,2026-03-19 07:24:46.258,2026-03-19 07:24:46.258
399,42364@student.erp,Nikita Kothare,$2b$10$HBZiSxsYcJO.HNwelAa6ROLA/aOxQM86o5lspXxG9Rkf/uhhjRtKK,user,2026-03-19 07:24:49.842,2026-03-19 07:24:49.842
400,42365@student.erp,Ashwini Phanse,$2b$10$HBZiSxsYcJO.HNwelAa6ROLA/aOxQM86o5lspXxG9Rkf/uhhjRtKK,user,2026-03-19 07:24:52.914,2026-03-19 07:24:52.914
401,42366@student.erp,Varsha Agashe,$2b$10$HBZiSxsYcJO.HNwelAa6ROLA/aOxQM86o5lspXxG9Rkf/uhhjRtKK,user,2026-03-19 07:24:56.308,2026-03-19 07:24:56.308
402,42367@student.erp,Amruta Bhagwat,$2b$10$HBZiSxsYcJO.HNwelAa6ROLA/aOxQM86o5lspXxG9Rkf/uhhjRtKK,user,2026-03-19 07:24:59.571,2026-03-19 07:24:59.571
403,42368@student.erp,Sonali Chitnis,$2b$10$HBZiSxsYcJO.HNwelAa6ROLA/aOxQM86o5lspXxG9Rkf/uhhjRtKK,user,2026-03-19 07:25:03.154,2026-03-19 07:25:03.154
404,42369@student.erp,Tanuja Datar,$2b$10$HBZiSxsYcJO.HNwelAa6ROLA/aOxQM86o5lspXxG9Rkf/uhhjRtKK,user,2026-03-19 07:25:06.128,2026-03-19 07:25:06.128
405,42370@student.erp,Revati Ekbote,$2b$10$HBZiSxsYcJO.HNwelAa6ROLA/aOxQM86o5lspXxG9Rkf/uhhjRtKK,user,2026-03-19 07:25:09.195,2026-03-19 07:25:09.195
406,42371@student.erp,Ketan Pandit,$2b$10$HBZiSxsYcJO.HNwelAa6ROLA/aOxQM86o5lspXxG9Rkf/uhhjRtKK,user,2026-03-19 07:25:12.678,2026-03-19 07:25:12.678
407,42372@student.erp,Aniket Raut,$2b$10$HBZiSxsYcJO.HNwelAa6ROLA/aOxQM86o5lspXxG9Rkf/uhhjRtKK,user,2026-03-19 07:25:16.057,2026-03-19 07:25:16.057
408,42373@student.erp,Sanket Soman,$2b$10$HBZiSxsYcJO.HNwelAa6ROLA/aOxQM86o5lspXxG9Rkf/uhhjRtKK,user,2026-03-19 07:25:19.253,2026-03-19 07:25:19.253
409,42374@student.erp,Hrishikesh Takle,$2b$10$HBZiSxsYcJO.HNwelAa6ROLA/aOxQM86o5lspXxG9Rkf/uhhjRtKK,user,2026-03-19 07:25:22.386,2026-03-19 07:25:22.386
410,42375@student.erp,Vitthal Upasani,$2b$10$HBZiSxsYcJO.HNwelAa6ROLA/aOxQM86o5lspXxG9Rkf/uhhjRtKK,user,2026-03-19 07:25:25.273,2026-03-19 07:25:25.273
411,42376@student.erp,Bhushan Vadnere,$2b$10$HBZiSxsYcJO.HNwelAa6ROLA/aOxQM86o5lspXxG9Rkf/uhhjRtKK,user,2026-03-19 07:25:28.345,2026-03-19 07:25:28.345
412,42377@student.erp,Prasanna Yardi,$2b$10$HBZiSxsYcJO.HNwelAa6ROLA/aOxQM86o5lspXxG9Rkf/uhhjRtKK,user,2026-03-19 07:25:31.623,2026-03-19 07:25:31.623
413,42378@student.erp,Gaurav Zunjarrao,$2b$10$HBZiSxsYcJO.HNwelAa6ROLA/aOxQM86o5lspXxG9Rkf/uhhjRtKK,user,2026-03-19 07:25:35.414,2026-03-19 07:25:35.414
414,42379@student.erp,Sumit Athalye,$2b$10$HBZiSxsYcJO.HNwelAa6ROLA/aOxQM86o5lspXxG9Rkf/uhhjRtKK,user,2026-03-19 07:25:38.469,2026-03-19 07:25:38.469
415,42380@student.erp,Pankaj Belokar,$2b$10$HBZiSxsYcJO.HNwelAa6ROLA/aOxQM86o5lspXxG9Rkf/uhhjRtKK,user,2026-03-19 07:25:41.863,2026-03-19 07:25:41.863
